This is pdfTeX, Version 3.141592653-2.6-1.40.25 (TeX Live 2023/Debian) (preloaded format=pdflatex 2026.7.17)  17 JUL 2026 14:35
entering extended mode
 restricted \write18 enabled.
 %&-line parsing enabled.
**./identicas_transformacoes_02.tex
(./identicas_transformacoes_02.tex
LaTeX2e <2023-11-01> patch level 1
L3 programming layer <2024-01-22>
(../../latex_common/header.tex.frag
(/home/runner/work/Cursos/Cursos/latex_common/lecture/lecture.cls
Document Class: lecture 
(/usr/share/texlive/texmf-dist/tex/latex/base/ifthen.sty
Package: ifthen 2022/04/13 v1.1d Standard LaTeX ifthen package (DPC)
)
(/usr/share/texlive/texmf-dist/tex/latex/datetime/datetime.sty
Package: datetime 2015/03/20 v2.60 Date Time Package

(/usr/share/texlive/texmf-dist/tex/latex/etoolbox/etoolbox.sty
Package: etoolbox 2020/10/05 v2.5k e-TeX tools for LaTeX (JAW)
\etb@tempcnta=\count187
)
(/usr/share/texlive/texmf-dist/tex/latex/fmtcount/fmtcount.sty
Package: fmtcount 2020/01/30 v3.07

(/usr/share/texlive/texmf-dist/tex/latex/xkeyval/xkeyval.sty
Package: xkeyval 2022/06/16 v2.9 package option processing (HA)

(/usr/share/texlive/texmf-dist/tex/generic/xkeyval/xkeyval.tex
(/usr/share/texlive/texmf-dist/tex/generic/xkeyval/xkvutils.tex
\XKV@toks=\toks17
\XKV@tempa@toks=\toks18

(/usr/share/texlive/texmf-dist/tex/generic/xkeyval/keyval.tex))
\XKV@depth=\count188
File: xkeyval.tex 2014/12/03 v2.7a key=value parser (HA)
))
(/usr/share/texlive/texmf-dist/tex/latex/fmtcount/fcprefix.sty
Package: fcprefix 2012/09/28

(/usr/share/texlive/texmf-dist/tex/latex/fmtcount/fcnumparser.sty
Package: fcnumparser 2017/06/15
\fc@digit@counter=\count189
))
(/usr/share/texlive/texmf-dist/tex/latex/amsmath/amsgen.sty
File: amsgen.sty 1999/11/30 v2.0 generic functions
\@emptytoks=\toks19
\ex@=\dimen140
)
\c@padzeroesN=\count190
\fc@tmpcatcode=\count191

(/usr/share/texlive/texmf-dist/tex/latex/fmtcount/fc-brazilian.def
File: fc-brazilian.def 2017/12/26

(/usr/share/texlive/texmf-dist/tex/latex/fmtcount/fc-portuges.def
File: fc-portuges.def 2017/12/26
))
\@DT@modctr=\count192
\@ordinalctr=\count193
\@orgargctr=\count194
\@strctr=\count195
\@tmpstrctr=\count196
\@DT@loopN=\count197
\@DT@X=\count198
)
(/usr/share/texlive/texmf-dist/tex/latex/datetime/datetime-defaults.sty
Package: datetime-defaults 2013/09/10
)
\@day=\count199
\@month=\count266
\@year=\count267
\c@HOUR=\count268
\c@HOURXII=\count269
\c@MINUTE=\count270
\c@TOHOUR=\count271
\c@TOMINUTE=\count272
\c@SECOND=\count273
\currenthour=\count274
\currentminute=\count275
\currentsecond=\count276
Package datetime Info: No datetime.cfg file found, using default settings on in
put line 308.

(/usr/share/texlive/texmf-dist/tex/latex/datetime/dt-portuges.def
File: dt-portuges.def 2013/09/10
)
\@dtctr=\count277
\dayofyear=\count278
\dayofweek=\count279
\dt@a=\toks20
\dt@b=\toks21
)
(/usr/share/texlive/texmf-dist/tex/latex/setspace/setspace.sty
Package: setspace 2022/12/04 v6.7b set line spacing
)
(/usr/share/texlive/texmf-dist/tex/latex/base/article.cls
Document Class: article 2023/05/17 v1.4n Standard LaTeX document class
(/usr/share/texlive/texmf-dist/tex/latex/base/size11.clo
File: size11.clo 2023/05/17 v1.4n Standard LaTeX file (size option)
)
\c@part=\count280
\c@section=\count281
\c@subsection=\count282
\c@subsubsection=\count283
\c@paragraph=\count284
\c@subparagraph=\count285
\c@figure=\count286
\c@table=\count287
\abovecaptionskip=\skip48
\belowcaptionskip=\skip49
\bibindent=\dimen141
)
(/usr/share/texlive/texmf-dist/tex/generic/babel/babel.sty
Package: babel 2024/01/07 v24.1 The Babel package
\babel@savecnt=\count288
\U@D=\dimen142
\l@unhyphenated=\language10

(/usr/share/texlive/texmf-dist/tex/generic/babel/txtbabel.def)
\bbl@readstream=\read2
\bbl@dirlevel=\count289

(/usr/share/texlive/texmf-dist/tex/generic/babel-portuges/brazilian.ldf
Language: portuges 2021/07/09 v1.2t Portuguese support from the babel system
Package babel Info: Hyphen rules for 'brazilian' set to \l@portuguese
(babel)             (\language6). Reported on input line 111.
Package babel Info: Making " an active character on input line 143.
)
(/usr/share/texlive/texmf-dist/tex/generic/babel-portuges/brazil.ldf
Language: portuges 2021/07/09 v1.2t Portuguese support from the babel system
Package babel Info: Hyphen rules for 'brazil' set to \l@portuguese
(babel)             (\language6). Reported on input line 111.
))
(/usr/share/texlive/texmf-dist/tex/generic/babel/locale/pt/babel-brazilian.tex
Package babel Info: Importing font and identification data for brazilian
(babel)             from babel-pt-BR.ini. Reported on input line 11.
) (/usr/share/texlive/texmf-dist/tex/latex/hyperref/hyperref.sty
Package: hyperref 2024-01-20 v7.01h Hypertext links for LaTeX

(/usr/share/texlive/texmf-dist/tex/generic/iftex/iftex.sty
Package: iftex 2022/02/03 v1.0f TeX engine tests
)
(/usr/share/texlive/texmf-dist/tex/latex/kvsetkeys/kvsetkeys.sty
Package: kvsetkeys 2022-10-05 v1.19 Key value parser (HO)
)
(/usr/share/texlive/texmf-dist/tex/generic/kvdefinekeys/kvdefinekeys.sty
Package: kvdefinekeys 2019-12-19 v1.6 Define keys (HO)
)
(/usr/share/texlive/texmf-dist/tex/generic/pdfescape/pdfescape.sty
Package: pdfescape 2019/12/09 v1.15 Implements pdfTeX's escape features (HO)

(/usr/share/texlive/texmf-dist/tex/generic/ltxcmds/ltxcmds.sty
Package: ltxcmds 2023-12-04 v1.26 LaTeX kernel commands for general use (HO)
)
(/usr/share/texlive/texmf-dist/tex/generic/pdftexcmds/pdftexcmds.sty
Package: pdftexcmds 2020-06-27 v0.33 Utility functions of pdfTeX for LuaTeX (HO
)

(/usr/share/texlive/texmf-dist/tex/generic/infwarerr/infwarerr.sty
Package: infwarerr 2019/12/03 v1.5 Providing info/warning/error messages (HO)
)
Package pdftexcmds Info: \pdf@primitive is available.
Package pdftexcmds Info: \pdf@ifprimitive is available.
Package pdftexcmds Info: \pdfdraftmode found.
))
(/usr/share/texlive/texmf-dist/tex/latex/hycolor/hycolor.sty
Package: hycolor 2020-01-27 v1.10 Color options for hyperref/bookmark (HO)
)
(/usr/share/texlive/texmf-dist/tex/latex/auxhook/auxhook.sty
Package: auxhook 2019-12-17 v1.6 Hooks for auxiliary files (HO)
)
(/usr/share/texlive/texmf-dist/tex/latex/hyperref/nameref.sty
Package: nameref 2023-11-26 v2.56 Cross-referencing by name of section

(/usr/share/texlive/texmf-dist/tex/latex/refcount/refcount.sty
Package: refcount 2019/12/15 v3.6 Data extraction from label references (HO)
)
(/usr/share/texlive/texmf-dist/tex/generic/gettitlestring/gettitlestring.sty
Package: gettitlestring 2019/12/15 v1.6 Cleanup title references (HO)

(/usr/share/texlive/texmf-dist/tex/latex/kvoptions/kvoptions.sty
Package: kvoptions 2022-06-15 v3.15 Key value format for package options (HO)
))
\c@section@level=\count290
)
\@linkdim=\dimen143
\Hy@linkcounter=\count291
\Hy@pagecounter=\count292

(/usr/share/texlive/texmf-dist/tex/latex/hyperref/pd1enc.def
File: pd1enc.def 2024-01-20 v7.01h Hyperref: PDFDocEncoding definition (HO)
Now handling font encoding PD1 ...
... no UTF-8 mapping file for font encoding PD1
)
(/usr/share/texlive/texmf-dist/tex/generic/intcalc/intcalc.sty
Package: intcalc 2019/12/15 v1.3 Expandable calculations with integers (HO)
)
\Hy@SavedSpaceFactor=\count293

(/usr/share/texlive/texmf-dist/tex/latex/hyperref/puenc.def
File: puenc.def 2024-01-20 v7.01h Hyperref: PDF Unicode definition (HO)
Now handling font encoding PU ...
... no UTF-8 mapping file for font encoding PU
)
Package hyperref Info: Option `colorlinks' set `true' on input line 4062.
Package hyperref Info: Hyper figures OFF on input line 4179.
Package hyperref Info: Link nesting OFF on input line 4184.
Package hyperref Info: Hyper index ON on input line 4187.
Package hyperref Info: Plain pages OFF on input line 4194.
Package hyperref Info: Backreferencing OFF on input line 4199.
Package hyperref Info: Implicit mode ON; LaTeX internals redefined.
Package hyperref Info: Bookmarks ON on input line 4446.
\c@Hy@tempcnt=\count294

(/usr/share/texlive/texmf-dist/tex/latex/url/url.sty
\Urlmuskip=\muskip16
Package: url 2013/09/16  ver 3.4  Verb mode for urls, etc.
)
LaTeX Info: Redefining \url on input line 4784.
\XeTeXLinkMargin=\dimen144

(/usr/share/texlive/texmf-dist/tex/generic/bitset/bitset.sty
Package: bitset 2019/12/09 v1.3 Handle bit-vector datatype (HO)

(/usr/share/texlive/texmf-dist/tex/generic/bigintcalc/bigintcalc.sty
Package: bigintcalc 2019/12/15 v1.5 Expandable calculations on big integers (HO
)
))
\Fld@menulength=\count295
\Field@Width=\dimen145
\Fld@charsize=\dimen146
Package hyperref Info: Hyper figures OFF on input line 6063.
Package hyperref Info: Link nesting OFF on input line 6068.
Package hyperref Info: Hyper index ON on input line 6071.
Package hyperref Info: backreferencing OFF on input line 6078.
Package hyperref Info: Link coloring ON on input line 6081.
Package hyperref Info: Link coloring with OCG OFF on input line 6088.
Package hyperref Info: PDF/A mode OFF on input line 6093.

(/usr/share/texlive/texmf-dist/tex/latex/base/atbegshi-ltx.sty
Package: atbegshi-ltx 2021/01/10 v1.0c Emulation of the original atbegshi
package with kernel methods
)
\Hy@abspage=\count296
\c@Item=\count297
\c@Hfootnote=\count298
)
Package hyperref Info: Driver (autodetected): hpdftex.

(/usr/share/texlive/texmf-dist/tex/latex/hyperref/hpdftex.def
File: hpdftex.def 2024-01-20 v7.01h Hyperref driver for pdfTeX

(/usr/share/texlive/texmf-dist/tex/latex/base/atveryend-ltx.sty
Package: atveryend-ltx 2020/08/19 v1.0a Emulation of the original atveryend pac
kage
with kernel methods
)
\Fld@listcount=\count299
\c@bookmark@seq@number=\count300

(/usr/share/texlive/texmf-dist/tex/latex/rerunfilecheck/rerunfilecheck.sty
Package: rerunfilecheck 2022-07-10 v1.10 Rerun checks for auxiliary files (HO)

(/usr/share/texlive/texmf-dist/tex/generic/uniquecounter/uniquecounter.sty
Package: uniquecounter 2019/12/15 v1.4 Provide unlimited unique counter (HO)
)
Package uniquecounter Info: New unique counter `rerunfilecheck' on input line 2
85.
)
\Hy@SectionHShift=\skip50
)
(/usr/share/texlive/texmf-dist/tex/latex/fancyhdr/fancyhdr.sty
Package: fancyhdr 2022/11/09 v4.1 Extensive control of page headers and footers

\f@nch@headwidth=\skip51
\f@nch@O@elh=\skip52
\f@nch@O@erh=\skip53
\f@nch@O@olh=\skip54
\f@nch@O@orh=\skip55
\f@nch@O@elf=\skip56
\f@nch@O@erf=\skip57
\f@nch@O@olf=\skip58
\f@nch@O@orf=\skip59
)
(/usr/share/texlive/texmf-dist/tex/latex/pgf/frontendlayer/tikz.sty
(/usr/share/texlive/texmf-dist/tex/latex/pgf/basiclayer/pgf.sty
(/usr/share/texlive/texmf-dist/tex/latex/pgf/utilities/pgfrcs.sty
(/usr/share/texlive/texmf-dist/tex/generic/pgf/utilities/pgfutil-common.tex
\pgfutil@everybye=\toks22
\pgfutil@tempdima=\dimen147
\pgfutil@tempdimb=\dimen148
)
(/usr/share/texlive/texmf-dist/tex/generic/pgf/utilities/pgfutil-latex.def
\pgfutil@abb=\box51
)
(/usr/share/texlive/texmf-dist/tex/generic/pgf/utilities/pgfrcs.code.tex
(/usr/share/texlive/texmf-dist/tex/generic/pgf/pgf.revision.tex)
Package: pgfrcs 2023-01-15 v3.1.10 (3.1.10)
))
Package: pgf 2023-01-15 v3.1.10 (3.1.10)

(/usr/share/texlive/texmf-dist/tex/latex/pgf/basiclayer/pgfcore.sty
(/usr/share/texlive/texmf-dist/tex/latex/graphics/graphicx.sty
Package: graphicx 2021/09/16 v1.2d Enhanced LaTeX Graphics (DPC,SPQR)

(/usr/share/texlive/texmf-dist/tex/latex/graphics/graphics.sty
Package: graphics 2022/03/10 v1.4e Standard LaTeX Graphics (DPC,SPQR)

(/usr/share/texlive/texmf-dist/tex/latex/graphics/trig.sty
Package: trig 2021/08/11 v1.11 sin cos tan (DPC)
)
(/usr/share/texlive/texmf-dist/tex/latex/graphics-cfg/graphics.cfg
File: graphics.cfg 2016/06/04 v1.11 sample graphics configuration
)
Package graphics Info: Driver file: pdftex.def on input line 107.

(/usr/share/texlive/texmf-dist/tex/latex/graphics-def/pdftex.def
File: pdftex.def 2022/09/22 v1.2b Graphics/color driver for pdftex
))
\Gin@req@height=\dimen149
\Gin@req@width=\dimen150
)
(/usr/share/texlive/texmf-dist/tex/latex/pgf/systemlayer/pgfsys.sty
(/usr/share/texlive/texmf-dist/tex/generic/pgf/systemlayer/pgfsys.code.tex
Package: pgfsys 2023-01-15 v3.1.10 (3.1.10)

(/usr/share/texlive/texmf-dist/tex/generic/pgf/utilities/pgfkeys.code.tex
\pgfkeys@pathtoks=\toks23
\pgfkeys@temptoks=\toks24

(/usr/share/texlive/texmf-dist/tex/generic/pgf/utilities/pgfkeyslibraryfiltered
.code.tex
\pgfkeys@tmptoks=\toks25
))
\pgf@x=\dimen151
\pgf@y=\dimen152
\pgf@xa=\dimen153
\pgf@ya=\dimen154
\pgf@xb=\dimen155
\pgf@yb=\dimen156
\pgf@xc=\dimen157
\pgf@yc=\dimen158
\pgf@xd=\dimen159
\pgf@yd=\dimen160
\w@pgf@writea=\write3
\r@pgf@reada=\read3
\c@pgf@counta=\count301
\c@pgf@countb=\count302
\c@pgf@countc=\count303
\c@pgf@countd=\count304
\t@pgf@toka=\toks26
\t@pgf@tokb=\toks27
\t@pgf@tokc=\toks28
\pgf@sys@id@count=\count305
 (/usr/share/texlive/texmf-dist/tex/generic/pgf/systemlayer/pgf.cfg
File: pgf.cfg 2023-01-15 v3.1.10 (3.1.10)
)
Driver file for pgf: pgfsys-pdftex.def
(/usr/share/texlive/texmf-dist/tex/generic/pgf/systemlayer/pgfsys-pdftex.def
File: pgfsys-pdftex.def 2023-01-15 v3.1.10 (3.1.10)

(/usr/share/texlive/texmf-dist/tex/generic/pgf/systemlayer/pgfsys-common-pdf.de
f
File: pgfsys-common-pdf.def 2023-01-15 v3.1.10 (3.1.10)
)))
(/usr/share/texlive/texmf-dist/tex/generic/pgf/systemlayer/pgfsyssoftpath.code.
tex
File: pgfsyssoftpath.code.tex 2023-01-15 v3.1.10 (3.1.10)
\pgfsyssoftpath@smallbuffer@items=\count306
\pgfsyssoftpath@bigbuffer@items=\count307
)
(/usr/share/texlive/texmf-dist/tex/generic/pgf/systemlayer/pgfsysprotocol.code.
tex
File: pgfsysprotocol.code.tex 2023-01-15 v3.1.10 (3.1.10)
)) (/usr/share/texlive/texmf-dist/tex/latex/xcolor/xcolor.sty
Package: xcolor 2023/11/15 v3.01 LaTeX color extensions (UK)

(/usr/share/texlive/texmf-dist/tex/latex/graphics-cfg/color.cfg
File: color.cfg 2016/01/02 v1.6 sample color configuration
)
Package xcolor Info: Driver file: pdftex.def on input line 274.

(/usr/share/texlive/texmf-dist/tex/latex/graphics/mathcolor.ltx)
Package xcolor Info: Model `cmy' substituted by `cmy0' on input line 1350.
Package xcolor Info: Model `hsb' substituted by `rgb' on input line 1354.
Package xcolor Info: Model `RGB' extended on input line 1366.
Package xcolor Info: Model `HTML' substituted by `rgb' on input line 1368.
Package xcolor Info: Model `Hsb' substituted by `hsb' on input line 1369.
Package xcolor Info: Model `tHsb' substituted by `hsb' on input line 1370.
Package xcolor Info: Model `HSB' substituted by `hsb' on input line 1371.
Package xcolor Info: Model `Gray' substituted by `gray' on input line 1372.
Package xcolor Info: Model `wave' substituted by `hsb' on input line 1373.
)
(/usr/share/texlive/texmf-dist/tex/generic/pgf/basiclayer/pgfcore.code.tex
Package: pgfcore 2023-01-15 v3.1.10 (3.1.10)

(/usr/share/texlive/texmf-dist/tex/generic/pgf/math/pgfmath.code.tex
(/usr/share/texlive/texmf-dist/tex/generic/pgf/math/pgfmathutil.code.tex)
(/usr/share/texlive/texmf-dist/tex/generic/pgf/math/pgfmathparser.code.tex
\pgfmath@dimen=\dimen161
\pgfmath@count=\count308
\pgfmath@box=\box52
\pgfmath@toks=\toks29
\pgfmath@stack@operand=\toks30
\pgfmath@stack@operation=\toks31
)
(/usr/share/texlive/texmf-dist/tex/generic/pgf/math/pgfmathfunctions.code.tex)
(/usr/share/texlive/texmf-dist/tex/generic/pgf/math/pgfmathfunctions.basic.code
.tex)
(/usr/share/texlive/texmf-dist/tex/generic/pgf/math/pgfmathfunctions.trigonomet
ric.code.tex)
(/usr/share/texlive/texmf-dist/tex/generic/pgf/math/pgfmathfunctions.random.cod
e.tex)
(/usr/share/texlive/texmf-dist/tex/generic/pgf/math/pgfmathfunctions.comparison
.code.tex)
(/usr/share/texlive/texmf-dist/tex/generic/pgf/math/pgfmathfunctions.base.code.
tex)
(/usr/share/texlive/texmf-dist/tex/generic/pgf/math/pgfmathfunctions.round.code
.tex)
(/usr/share/texlive/texmf-dist/tex/generic/pgf/math/pgfmathfunctions.misc.code.
tex)
(/usr/share/texlive/texmf-dist/tex/generic/pgf/math/pgfmathfunctions.integerari
thmetics.code.tex)
(/usr/share/texlive/texmf-dist/tex/generic/pgf/math/pgfmathcalc.code.tex)
(/usr/share/texlive/texmf-dist/tex/generic/pgf/math/pgfmathfloat.code.tex
\c@pgfmathroundto@lastzeros=\count309
))
(/usr/share/texlive/texmf-dist/tex/generic/pgf/math/pgfint.code.tex)
(/usr/share/texlive/texmf-dist/tex/generic/pgf/basiclayer/pgfcorepoints.code.te
x
File: pgfcorepoints.code.tex 2023-01-15 v3.1.10 (3.1.10)
\pgf@picminx=\dimen162
\pgf@picmaxx=\dimen163
\pgf@picminy=\dimen164
\pgf@picmaxy=\dimen165
\pgf@pathminx=\dimen166
\pgf@pathmaxx=\dimen167
\pgf@pathminy=\dimen168
\pgf@pathmaxy=\dimen169
\pgf@xx=\dimen170
\pgf@xy=\dimen171
\pgf@yx=\dimen172
\pgf@yy=\dimen173
\pgf@zx=\dimen174
\pgf@zy=\dimen175
)
(/usr/share/texlive/texmf-dist/tex/generic/pgf/basiclayer/pgfcorepathconstruct.
code.tex
File: pgfcorepathconstruct.code.tex 2023-01-15 v3.1.10 (3.1.10)
\pgf@path@lastx=\dimen176
\pgf@path@lasty=\dimen177
)
(/usr/share/texlive/texmf-dist/tex/generic/pgf/basiclayer/pgfcorepathusage.code
.tex
File: pgfcorepathusage.code.tex 2023-01-15 v3.1.10 (3.1.10)
\pgf@shorten@end@additional=\dimen178
\pgf@shorten@start@additional=\dimen179
)
(/usr/share/texlive/texmf-dist/tex/generic/pgf/basiclayer/pgfcorescopes.code.te
x
File: pgfcorescopes.code.tex 2023-01-15 v3.1.10 (3.1.10)
\pgfpic=\box53
\pgf@hbox=\box54
\pgf@layerbox@main=\box55
\pgf@picture@serial@count=\count310
)
(/usr/share/texlive/texmf-dist/tex/generic/pgf/basiclayer/pgfcoregraphicstate.c
ode.tex
File: pgfcoregraphicstate.code.tex 2023-01-15 v3.1.10 (3.1.10)
\pgflinewidth=\dimen180
)
(/usr/share/texlive/texmf-dist/tex/generic/pgf/basiclayer/pgfcoretransformation
s.code.tex
File: pgfcoretransformations.code.tex 2023-01-15 v3.1.10 (3.1.10)
\pgf@pt@x=\dimen181
\pgf@pt@y=\dimen182
\pgf@pt@temp=\dimen183
)
(/usr/share/texlive/texmf-dist/tex/generic/pgf/basiclayer/pgfcorequick.code.tex
File: pgfcorequick.code.tex 2023-01-15 v3.1.10 (3.1.10)
)
(/usr/share/texlive/texmf-dist/tex/generic/pgf/basiclayer/pgfcoreobjects.code.t
ex
File: pgfcoreobjects.code.tex 2023-01-15 v3.1.10 (3.1.10)
)
(/usr/share/texlive/texmf-dist/tex/generic/pgf/basiclayer/pgfcorepathprocessing
.code.tex
File: pgfcorepathprocessing.code.tex 2023-01-15 v3.1.10 (3.1.10)
)
(/usr/share/texlive/texmf-dist/tex/generic/pgf/basiclayer/pgfcorearrows.code.te
x
File: pgfcorearrows.code.tex 2023-01-15 v3.1.10 (3.1.10)
\pgfarrowsep=\dimen184
)
(/usr/share/texlive/texmf-dist/tex/generic/pgf/basiclayer/pgfcoreshade.code.tex
File: pgfcoreshade.code.tex 2023-01-15 v3.1.10 (3.1.10)
\pgf@max=\dimen185
\pgf@sys@shading@range@num=\count311
\pgf@shadingcount=\count312
)
(/usr/share/texlive/texmf-dist/tex/generic/pgf/basiclayer/pgfcoreimage.code.tex
File: pgfcoreimage.code.tex 2023-01-15 v3.1.10 (3.1.10)
)
(/usr/share/texlive/texmf-dist/tex/generic/pgf/basiclayer/pgfcoreexternal.code.
tex
File: pgfcoreexternal.code.tex 2023-01-15 v3.1.10 (3.1.10)
\pgfexternal@startupbox=\box56
)
(/usr/share/texlive/texmf-dist/tex/generic/pgf/basiclayer/pgfcorelayers.code.te
x
File: pgfcorelayers.code.tex 2023-01-15 v3.1.10 (3.1.10)
)
(/usr/share/texlive/texmf-dist/tex/generic/pgf/basiclayer/pgfcoretransparency.c
ode.tex
File: pgfcoretransparency.code.tex 2023-01-15 v3.1.10 (3.1.10)
)
(/usr/share/texlive/texmf-dist/tex/generic/pgf/basiclayer/pgfcorepatterns.code.
tex
File: pgfcorepatterns.code.tex 2023-01-15 v3.1.10 (3.1.10)
)
(/usr/share/texlive/texmf-dist/tex/generic/pgf/basiclayer/pgfcorerdf.code.tex
File: pgfcorerdf.code.tex 2023-01-15 v3.1.10 (3.1.10)
)))
(/usr/share/texlive/texmf-dist/tex/generic/pgf/modules/pgfmoduleshapes.code.tex
File: pgfmoduleshapes.code.tex 2023-01-15 v3.1.10 (3.1.10)
\pgfnodeparttextbox=\box57
) (/usr/share/texlive/texmf-dist/tex/generic/pgf/modules/pgfmoduleplot.code.tex
File: pgfmoduleplot.code.tex 2023-01-15 v3.1.10 (3.1.10)
)
(/usr/share/texlive/texmf-dist/tex/latex/pgf/compatibility/pgfcomp-version-0-65
.sty
Package: pgfcomp-version-0-65 2023-01-15 v3.1.10 (3.1.10)
\pgf@nodesepstart=\dimen186
\pgf@nodesepend=\dimen187
)
(/usr/share/texlive/texmf-dist/tex/latex/pgf/compatibility/pgfcomp-version-1-18
.sty
Package: pgfcomp-version-1-18 2023-01-15 v3.1.10 (3.1.10)
)) (/usr/share/texlive/texmf-dist/tex/latex/pgf/utilities/pgffor.sty
(/usr/share/texlive/texmf-dist/tex/latex/pgf/utilities/pgfkeys.sty
(/usr/share/texlive/texmf-dist/tex/generic/pgf/utilities/pgfkeys.code.tex))
(/usr/share/texlive/texmf-dist/tex/latex/pgf/math/pgfmath.sty
(/usr/share/texlive/texmf-dist/tex/generic/pgf/math/pgfmath.code.tex))
(/usr/share/texlive/texmf-dist/tex/generic/pgf/utilities/pgffor.code.tex
Package: pgffor 2023-01-15 v3.1.10 (3.1.10)
\pgffor@iter=\dimen188
\pgffor@skip=\dimen189
\pgffor@stack=\toks32
\pgffor@toks=\toks33
))
(/usr/share/texlive/texmf-dist/tex/generic/pgf/frontendlayer/tikz/tikz.code.tex
Package: tikz 2023-01-15 v3.1.10 (3.1.10)

(/usr/share/texlive/texmf-dist/tex/generic/pgf/libraries/pgflibraryplothandlers
.code.tex
File: pgflibraryplothandlers.code.tex 2023-01-15 v3.1.10 (3.1.10)
\pgf@plot@mark@count=\count313
\pgfplotmarksize=\dimen190
)
\tikz@lastx=\dimen191
\tikz@lasty=\dimen192
\tikz@lastxsaved=\dimen193
\tikz@lastysaved=\dimen194
\tikz@lastmovetox=\dimen195
\tikz@lastmovetoy=\dimen196
\tikzleveldistance=\dimen197
\tikzsiblingdistance=\dimen198
\tikz@figbox=\box58
\tikz@figbox@bg=\box59
\tikz@tempbox=\box60
\tikz@tempbox@bg=\box61
\tikztreelevel=\count314
\tikznumberofchildren=\count315
\tikznumberofcurrentchild=\count316
\tikz@fig@count=\count317

(/usr/share/texlive/texmf-dist/tex/generic/pgf/modules/pgfmodulematrix.code.tex
File: pgfmodulematrix.code.tex 2023-01-15 v3.1.10 (3.1.10)
\pgfmatrixcurrentrow=\count318
\pgfmatrixcurrentcolumn=\count319
\pgf@matrix@numberofcolumns=\count320
)
\tikz@expandcount=\count321

(/usr/share/texlive/texmf-dist/tex/generic/pgf/frontendlayer/tikz/libraries/tik
zlibrarytopaths.code.tex
File: tikzlibrarytopaths.code.tex 2023-01-15 v3.1.10 (3.1.10)
)))
(/usr/share/texlive/texmf-dist/tex/generic/pgf/frontendlayer/tikz/libraries/tik
zlibraryarrows.code.tex
File: tikzlibraryarrows.code.tex 2023-01-15 v3.1.10 (3.1.10)

(/usr/share/texlive/texmf-dist/tex/generic/pgf/libraries/pgflibraryarrows.code.
tex
File: pgflibraryarrows.code.tex 2023-01-15 v3.1.10 (3.1.10)
\arrowsize=\dimen199
))
(/usr/share/texlive/texmf-dist/tex/generic/pgf/frontendlayer/tikz/libraries/tik
zlibrarypatterns.code.tex
File: tikzlibrarypatterns.code.tex 2023-01-15 v3.1.10 (3.1.10)

(/usr/share/texlive/texmf-dist/tex/generic/pgf/libraries/pgflibrarypatterns.cod
e.tex
File: pgflibrarypatterns.code.tex 2023-01-15 v3.1.10 (3.1.10)
))
(/usr/share/texlive/texmf-dist/tex/generic/pgf/frontendlayer/tikz/libraries/tik
zlibraryshapes.code.tex
File: tikzlibraryshapes.code.tex 2023-01-15 v3.1.10 (3.1.10)

(/usr/share/texlive/texmf-dist/tex/generic/pgf/frontendlayer/tikz/libraries/tik
zlibraryshapes.geometric.code.tex
File: tikzlibraryshapes.geometric.code.tex 2023-01-15 v3.1.10 (3.1.10)

(/usr/share/texlive/texmf-dist/tex/generic/pgf/libraries/shapes/pgflibraryshape
s.geometric.code.tex
File: pgflibraryshapes.geometric.code.tex 2023-01-15 v3.1.10 (3.1.10)
))
(/usr/share/texlive/texmf-dist/tex/generic/pgf/frontendlayer/tikz/libraries/tik
zlibraryshapes.misc.code.tex
File: tikzlibraryshapes.misc.code.tex 2023-01-15 v3.1.10 (3.1.10)

(/usr/share/texlive/texmf-dist/tex/generic/pgf/libraries/shapes/pgflibraryshape
s.misc.code.tex
File: pgflibraryshapes.misc.code.tex 2023-01-15 v3.1.10 (3.1.10)
))
(/usr/share/texlive/texmf-dist/tex/generic/pgf/frontendlayer/tikz/libraries/tik
zlibraryshapes.symbols.code.tex
File: tikzlibraryshapes.symbols.code.tex 2023-01-15 v3.1.10 (3.1.10)

(/usr/share/texlive/texmf-dist/tex/generic/pgf/libraries/shapes/pgflibraryshape
s.symbols.code.tex
File: pgflibraryshapes.symbols.code.tex 2023-01-15 v3.1.10 (3.1.10)
))
(/usr/share/texlive/texmf-dist/tex/generic/pgf/frontendlayer/tikz/libraries/tik
zlibraryshapes.arrows.code.tex
File: tikzlibraryshapes.arrows.code.tex 2023-01-15 v3.1.10 (3.1.10)

(/usr/share/texlive/texmf-dist/tex/generic/pgf/libraries/shapes/pgflibraryshape
s.arrows.code.tex
File: pgflibraryshapes.arrows.code.tex 2023-01-15 v3.1.10 (3.1.10)
))
(/usr/share/texlive/texmf-dist/tex/generic/pgf/frontendlayer/tikz/libraries/tik
zlibraryshapes.callouts.code.tex
(/usr/share/texlive/texmf-dist/tex/generic/pgf/libraries/shapes/pgflibraryshape
s.callouts.code.tex))
(/usr/share/texlive/texmf-dist/tex/generic/pgf/frontendlayer/tikz/libraries/tik
zlibraryshapes.multipart.code.tex
File: tikzlibraryshapes.multipart.code.tex 2023-01-15 v3.1.10 (3.1.10)

(/usr/share/texlive/texmf-dist/tex/generic/pgf/libraries/shapes/pgflibraryshape
s.multipart.code.tex
File: pgflibraryshapes.multipart.code.tex 2023-01-15 v3.1.10 (3.1.10)
\pgfnodepartlowerbox=\box62
\pgfnodeparttwobox=\box63
\pgfnodepartthreebox=\box64
\pgfnodepartfourbox=\box65
\pgfnodeparttwentybox=\box66
\pgfnodepartnineteenbox=\box67
\pgfnodeparteighteenbox=\box68
\pgfnodepartseventeenbox=\box69
\pgfnodepartsixteenbox=\box70
\pgfnodepartfifteenbox=\box71
\pgfnodepartfourteenbox=\box72
\pgfnodepartthirteenbox=\box73
\pgfnodeparttwelvebox=\box74
\pgfnodepartelevenbox=\box75
\pgfnodeparttenbox=\box76
\pgfnodepartninebox=\box77
\pgfnodeparteightbox=\box78
\pgfnodepartsevenbox=\box79
\pgfnodepartsixbox=\box80
\pgfnodepartfivebox=\box81
)))
(/usr/share/texlive/texmf-dist/tex/latex/base/inputenc.sty
Package: inputenc 2021/02/14 v1.3d Input encoding file
\inpenc@prehook=\toks34
\inpenc@posthook=\toks35

(/usr/share/texlive/texmf-dist/tex/latex/ucs/utf8x.def
File: utf8x.def 2023/11/09 UCS: Input encoding UTF-8


Package ucs Info: utf8x disabled, assuming standard utf8 processing
(ucs)             load ucs package to force utf8x processing.

(/usr/share/texlive/texmf-dist/tex/latex/base/utf8.def
File: utf8.def 2022/06/07 v1.3c UTF-8 support
Now handling font encoding OML ...
... no UTF-8 mapping file for font encoding OML
Now handling font encoding OMS ...
... processing UTF-8 mapping file for font encoding OMS

(/usr/share/texlive/texmf-dist/tex/latex/base/omsenc.dfu
File: omsenc.dfu 2022/06/07 v1.3c UTF-8 support
   defining Unicode char U+00A7 (decimal 167)
   defining Unicode char U+00B6 (decimal 182)
   defining Unicode char U+00B7 (decimal 183)
   defining Unicode char U+2020 (decimal 8224)
   defining Unicode char U+2021 (decimal 8225)
   defining Unicode char U+2022 (decimal 8226)
)
Now handling font encoding OT1 ...
... processing UTF-8 mapping file for font encoding OT1

(/usr/share/texlive/texmf-dist/tex/latex/base/ot1enc.dfu
File: ot1enc.dfu 2022/06/07 v1.3c UTF-8 support
   defining Unicode char U+00A0 (decimal 160)
   defining Unicode char U+00A1 (decimal 161)
   defining Unicode char U+00A3 (decimal 163)
   defining Unicode char U+00AD (decimal 173)
   defining Unicode char U+00B8 (decimal 184)
   defining Unicode char U+00BF (decimal 191)
   defining Unicode char U+00C5 (decimal 197)
   defining Unicode char U+00C6 (decimal 198)
   defining Unicode char U+00D8 (decimal 216)
   defining Unicode char U+00DF (decimal 223)
   defining Unicode char U+00E6 (decimal 230)
   defining Unicode char U+00EC (decimal 236)
   defining Unicode char U+00ED (decimal 237)
   defining Unicode char U+00EE (decimal 238)
   defining Unicode char U+00EF (decimal 239)
   defining Unicode char U+00F8 (decimal 248)
   defining Unicode char U+0131 (decimal 305)
   defining Unicode char U+0141 (decimal 321)
   defining Unicode char U+0142 (decimal 322)
   defining Unicode char U+0152 (decimal 338)
   defining Unicode char U+0153 (decimal 339)
   defining Unicode char U+0174 (decimal 372)
   defining Unicode char U+0175 (decimal 373)
   defining Unicode char U+0176 (decimal 374)
   defining Unicode char U+0177 (decimal 375)
   defining Unicode char U+0218 (decimal 536)
   defining Unicode char U+0219 (decimal 537)
   defining Unicode char U+021A (decimal 538)
   defining Unicode char U+021B (decimal 539)
   defining Unicode char U+0237 (decimal 567)
   defining Unicode char U+2013 (decimal 8211)
   defining Unicode char U+2014 (decimal 8212)
   defining Unicode char U+2018 (decimal 8216)
   defining Unicode char U+2019 (decimal 8217)
   defining Unicode char U+201C (decimal 8220)
   defining Unicode char U+201D (decimal 8221)
   defining Unicode char U+FB00 (decimal 64256)
   defining Unicode char U+FB01 (decimal 64257)
   defining Unicode char U+FB02 (decimal 64258)
   defining Unicode char U+FB03 (decimal 64259)
   defining Unicode char U+FB04 (decimal 64260)
   defining Unicode char U+FB05 (decimal 64261)
   defining Unicode char U+FB06 (decimal 64262)
)
Now handling font encoding T1 ...
... processing UTF-8 mapping file for font encoding T1

(/usr/share/texlive/texmf-dist/tex/latex/base/t1enc.dfu
File: t1enc.dfu 2022/06/07 v1.3c UTF-8 support
   defining Unicode char U+00A0 (decimal 160)
   defining Unicode char U+00A1 (decimal 161)
   defining Unicode char U+00A3 (decimal 163)
   defining Unicode char U+00AB (decimal 171)
   defining Unicode char U+00AD (decimal 173)
   defining Unicode char U+00BB (decimal 187)
   defining Unicode char U+00BF (decimal 191)
   defining Unicode char U+00C0 (decimal 192)
   defining Unicode char U+00C1 (decimal 193)
   defining Unicode char U+00C2 (decimal 194)
   defining Unicode char U+00C3 (decimal 195)
   defining Unicode char U+00C4 (decimal 196)
   defining Unicode char U+00C5 (decimal 197)
   defining Unicode char U+00C6 (decimal 198)
   defining Unicode char U+00C7 (decimal 199)
   defining Unicode char U+00C8 (decimal 200)
   defining Unicode char U+00C9 (decimal 201)
   defining Unicode char U+00CA (decimal 202)
   defining Unicode char U+00CB (decimal 203)
   defining Unicode char U+00CC (decimal 204)
   defining Unicode char U+00CD (decimal 205)
   defining Unicode char U+00CE (decimal 206)
   defining Unicode char U+00CF (decimal 207)
   defining Unicode char U+00D0 (decimal 208)
   defining Unicode char U+00D1 (decimal 209)
   defining Unicode char U+00D2 (decimal 210)
   defining Unicode char U+00D3 (decimal 211)
   defining Unicode char U+00D4 (decimal 212)
   defining Unicode char U+00D5 (decimal 213)
   defining Unicode char U+00D6 (decimal 214)
   defining Unicode char U+00D8 (decimal 216)
   defining Unicode char U+00D9 (decimal 217)
   defining Unicode char U+00DA (decimal 218)
   defining Unicode char U+00DB (decimal 219)
   defining Unicode char U+00DC (decimal 220)
   defining Unicode char U+00DD (decimal 221)
   defining Unicode char U+00DE (decimal 222)
   defining Unicode char U+00DF (decimal 223)
   defining Unicode char U+00E0 (decimal 224)
   defining Unicode char U+00E1 (decimal 225)
   defining Unicode char U+00E2 (decimal 226)
   defining Unicode char U+00E3 (decimal 227)
   defining Unicode char U+00E4 (decimal 228)
   defining Unicode char U+00E5 (decimal 229)
   defining Unicode char U+00E6 (decimal 230)
   defining Unicode char U+00E7 (decimal 231)
   defining Unicode char U+00E8 (decimal 232)
   defining Unicode char U+00E9 (decimal 233)
   defining Unicode char U+00EA (decimal 234)
   defining Unicode char U+00EB (decimal 235)
   defining Unicode char U+00EC (decimal 236)
   defining Unicode char U+00ED (decimal 237)
   defining Unicode char U+00EE (decimal 238)
   defining Unicode char U+00EF (decimal 239)
   defining Unicode char U+00F0 (decimal 240)
   defining Unicode char U+00F1 (decimal 241)
   defining Unicode char U+00F2 (decimal 242)
   defining Unicode char U+00F3 (decimal 243)
   defining Unicode char U+00F4 (decimal 244)
   defining Unicode char U+00F5 (decimal 245)
   defining Unicode char U+00F6 (decimal 246)
   defining Unicode char U+00F8 (decimal 248)
   defining Unicode char U+00F9 (decimal 249)
   defining Unicode char U+00FA (decimal 250)
   defining Unicode char U+00FB (decimal 251)
   defining Unicode char U+00FC (decimal 252)
   defining Unicode char U+00FD (decimal 253)
   defining Unicode char U+00FE (decimal 254)
   defining Unicode char U+00FF (decimal 255)
   defining Unicode char U+0100 (decimal 256)
   defining Unicode char U+0101 (decimal 257)
   defining Unicode char U+0102 (decimal 258)
   defining Unicode char U+0103 (decimal 259)
   defining Unicode char U+0104 (decimal 260)
   defining Unicode char U+0105 (decimal 261)
   defining Unicode char U+0106 (decimal 262)
   defining Unicode char U+0107 (decimal 263)
   defining Unicode char U+0108 (decimal 264)
   defining Unicode char U+0109 (decimal 265)
   defining Unicode char U+010A (decimal 266)
   defining Unicode char U+010B (decimal 267)
   defining Unicode char U+010C (decimal 268)
   defining Unicode char U+010D (decimal 269)
   defining Unicode char U+010E (decimal 270)
   defining Unicode char U+010F (decimal 271)
   defining Unicode char U+0110 (decimal 272)
   defining Unicode char U+0111 (decimal 273)
   defining Unicode char U+0112 (decimal 274)
   defining Unicode char U+0113 (decimal 275)
   defining Unicode char U+0114 (decimal 276)
   defining Unicode char U+0115 (decimal 277)
   defining Unicode char U+0116 (decimal 278)
   defining Unicode char U+0117 (decimal 279)
   defining Unicode char U+0118 (decimal 280)
   defining Unicode char U+0119 (decimal 281)
   defining Unicode char U+011A (decimal 282)
   defining Unicode char U+011B (decimal 283)
   defining Unicode char U+011C (decimal 284)
   defining Unicode char U+011D (decimal 285)
   defining Unicode char U+011E (decimal 286)
   defining Unicode char U+011F (decimal 287)
   defining Unicode char U+0120 (decimal 288)
   defining Unicode char U+0121 (decimal 289)
   defining Unicode char U+0122 (decimal 290)
   defining Unicode char U+0123 (decimal 291)
   defining Unicode char U+0124 (decimal 292)
   defining Unicode char U+0125 (decimal 293)
   defining Unicode char U+0128 (decimal 296)
   defining Unicode char U+0129 (decimal 297)
   defining Unicode char U+012A (decimal 298)
   defining Unicode char U+012B (decimal 299)
   defining Unicode char U+012C (decimal 300)
   defining Unicode char U+012D (decimal 301)
   defining Unicode char U+012E (decimal 302)
   defining Unicode char U+012F (decimal 303)
   defining Unicode char U+0130 (decimal 304)
   defining Unicode char U+0131 (decimal 305)
   defining Unicode char U+0132 (decimal 306)
   defining Unicode char U+0133 (decimal 307)
   defining Unicode char U+0134 (decimal 308)
   defining Unicode char U+0135 (decimal 309)
   defining Unicode char U+0136 (decimal 310)
   defining Unicode char U+0137 (decimal 311)
   defining Unicode char U+0139 (decimal 313)
   defining Unicode char U+013A (decimal 314)
   defining Unicode char U+013B (decimal 315)
   defining Unicode char U+013C (decimal 316)
   defining Unicode char U+013D (decimal 317)
   defining Unicode char U+013E (decimal 318)
   defining Unicode char U+0141 (decimal 321)
   defining Unicode char U+0142 (decimal 322)
   defining Unicode char U+0143 (decimal 323)
   defining Unicode char U+0144 (decimal 324)
   defining Unicode char U+0145 (decimal 325)
   defining Unicode char U+0146 (decimal 326)
   defining Unicode char U+0147 (decimal 327)
   defining Unicode char U+0148 (decimal 328)
   defining Unicode char U+014A (decimal 330)
   defining Unicode char U+014B (decimal 331)
   defining Unicode char U+014C (decimal 332)
   defining Unicode char U+014D (decimal 333)
   defining Unicode char U+014E (decimal 334)
   defining Unicode char U+014F (decimal 335)
   defining Unicode char U+0150 (decimal 336)
   defining Unicode char U+0151 (decimal 337)
   defining Unicode char U+0152 (decimal 338)
   defining Unicode char U+0153 (decimal 339)
   defining Unicode char U+0154 (decimal 340)
   defining Unicode char U+0155 (decimal 341)
   defining Unicode char U+0156 (decimal 342)
   defining Unicode char U+0157 (decimal 343)
   defining Unicode char U+0158 (decimal 344)
   defining Unicode char U+0159 (decimal 345)
   defining Unicode char U+015A (decimal 346)
   defining Unicode char U+015B (decimal 347)
   defining Unicode char U+015C (decimal 348)
   defining Unicode char U+015D (decimal 349)
   defining Unicode char U+015E (decimal 350)
   defining Unicode char U+015F (decimal 351)
   defining Unicode char U+0160 (decimal 352)
   defining Unicode char U+0161 (decimal 353)
   defining Unicode char U+0162 (decimal 354)
   defining Unicode char U+0163 (decimal 355)
   defining Unicode char U+0164 (decimal 356)
   defining Unicode char U+0165 (decimal 357)
   defining Unicode char U+0168 (decimal 360)
   defining Unicode char U+0169 (decimal 361)
   defining Unicode char U+016A (decimal 362)
   defining Unicode char U+016B (decimal 363)
   defining Unicode char U+016C (decimal 364)
   defining Unicode char U+016D (decimal 365)
   defining Unicode char U+016E (decimal 366)
   defining Unicode char U+016F (decimal 367)
   defining Unicode char U+0170 (decimal 368)
   defining Unicode char U+0171 (decimal 369)
   defining Unicode char U+0172 (decimal 370)
   defining Unicode char U+0173 (decimal 371)
   defining Unicode char U+0174 (decimal 372)
   defining Unicode char U+0175 (decimal 373)
   defining Unicode char U+0176 (decimal 374)
   defining Unicode char U+0177 (decimal 375)
   defining Unicode char U+0178 (decimal 376)
   defining Unicode char U+0179 (decimal 377)
   defining Unicode char U+017A (decimal 378)
   defining Unicode char U+017B (decimal 379)
   defining Unicode char U+017C (decimal 380)
   defining Unicode char U+017D (decimal 381)
   defining Unicode char U+017E (decimal 382)
   defining Unicode char U+01C4 (decimal 452)
   defining Unicode char U+01C5 (decimal 453)
   defining Unicode char U+01C6 (decimal 454)
   defining Unicode char U+01C7 (decimal 455)
   defining Unicode char U+01C8 (decimal 456)
   defining Unicode char U+01C9 (decimal 457)
   defining Unicode char U+01CA (decimal 458)
   defining Unicode char U+01CB (decimal 459)
   defining Unicode char U+01CC (decimal 460)
   defining Unicode char U+01CD (decimal 461)
   defining Unicode char U+01CE (decimal 462)
   defining Unicode char U+01CF (decimal 463)
   defining Unicode char U+01D0 (decimal 464)
   defining Unicode char U+01D1 (decimal 465)
   defining Unicode char U+01D2 (decimal 466)
   defining Unicode char U+01D3 (decimal 467)
   defining Unicode char U+01D4 (decimal 468)
   defining Unicode char U+01E2 (decimal 482)
   defining Unicode char U+01E3 (decimal 483)
   defining Unicode char U+01E6 (decimal 486)
   defining Unicode char U+01E7 (decimal 487)
   defining Unicode char U+01E8 (decimal 488)
   defining Unicode char U+01E9 (decimal 489)
   defining Unicode char U+01EA (decimal 490)
   defining Unicode char U+01EB (decimal 491)
   defining Unicode char U+01F0 (decimal 496)
   defining Unicode char U+01F4 (decimal 500)
   defining Unicode char U+01F5 (decimal 501)
   defining Unicode char U+0218 (decimal 536)
   defining Unicode char U+0219 (decimal 537)
   defining Unicode char U+021A (decimal 538)
   defining Unicode char U+021B (decimal 539)
   defining Unicode char U+0232 (decimal 562)
   defining Unicode char U+0233 (decimal 563)
   defining Unicode char U+0237 (decimal 567)
   defining Unicode char U+02D9 (decimal 729)
   defining Unicode char U+02DB (decimal 731)
   defining Unicode char U+1E02 (decimal 7682)
   defining Unicode char U+1E03 (decimal 7683)
   defining Unicode char U+1E0D (decimal 7693)
   defining Unicode char U+1E1E (decimal 7710)
   defining Unicode char U+1E1F (decimal 7711)
   defining Unicode char U+1E25 (decimal 7717)
   defining Unicode char U+1E30 (decimal 7728)
   defining Unicode char U+1E31 (decimal 7729)
   defining Unicode char U+1E37 (decimal 7735)
   defining Unicode char U+1E8E (decimal 7822)
   defining Unicode char U+1E8F (decimal 7823)
   defining Unicode char U+1E43 (decimal 7747)
   defining Unicode char U+1E45 (decimal 7749)
   defining Unicode char U+1E47 (decimal 7751)
   defining Unicode char U+1E5B (decimal 7771)
   defining Unicode char U+1E63 (decimal 7779)
   defining Unicode char U+1E6D (decimal 7789)
   defining Unicode char U+1E90 (decimal 7824)
   defining Unicode char U+1E91 (decimal 7825)
   defining Unicode char U+1E9E (decimal 7838)
   defining Unicode char U+1EF2 (decimal 7922)
   defining Unicode char U+1EF3 (decimal 7923)
   defining Unicode char U+200C (decimal 8204)
   defining Unicode char U+2010 (decimal 8208)
   defining Unicode char U+2011 (decimal 8209)
   defining Unicode char U+2012 (decimal 8210)
   defining Unicode char U+2013 (decimal 8211)
   defining Unicode char U+2014 (decimal 8212)
   defining Unicode char U+2015 (decimal 8213)
   defining Unicode char U+2018 (decimal 8216)
   defining Unicode char U+2019 (decimal 8217)
   defining Unicode char U+201A (decimal 8218)
   defining Unicode char U+201C (decimal 8220)
   defining Unicode char U+201D (decimal 8221)
   defining Unicode char U+201E (decimal 8222)
   defining Unicode char U+2030 (decimal 8240)
   defining Unicode char U+2031 (decimal 8241)
   defining Unicode char U+2039 (decimal 8249)
   defining Unicode char U+203A (decimal 8250)
   defining Unicode char U+2423 (decimal 9251)
   defining Unicode char U+1E20 (decimal 7712)
   defining Unicode char U+1E21 (decimal 7713)
   defining Unicode char U+FB00 (decimal 64256)
   defining Unicode char U+FB01 (decimal 64257)
   defining Unicode char U+FB02 (decimal 64258)
   defining Unicode char U+FB03 (decimal 64259)
   defining Unicode char U+FB04 (decimal 64260)
   defining Unicode char U+FB05 (decimal 64261)
   defining Unicode char U+FB06 (decimal 64262)
)
Now handling font encoding TS1 ...
... processing UTF-8 mapping file for font encoding TS1

(/usr/share/texlive/texmf-dist/tex/latex/base/ts1enc.dfu
File: ts1enc.dfu 2022/06/07 v1.3c UTF-8 support
   defining Unicode char U+00A2 (decimal 162)
   defining Unicode char U+00A3 (decimal 163)
   defining Unicode char U+00A4 (decimal 164)
   defining Unicode char U+00A5 (decimal 165)
   defining Unicode char U+00A6 (decimal 166)
   defining Unicode char U+00A7 (decimal 167)
   defining Unicode char U+00A8 (decimal 168)
   defining Unicode char U+00A9 (decimal 169)
   defining Unicode char U+00AA (decimal 170)
   defining Unicode char U+00AC (decimal 172)
   defining Unicode char U+00AE (decimal 174)
   defining Unicode char U+00AF (decimal 175)
   defining Unicode char U+00B0 (decimal 176)
   defining Unicode char U+00B1 (decimal 177)
   defining Unicode char U+00B2 (decimal 178)
   defining Unicode char U+00B3 (decimal 179)
   defining Unicode char U+00B4 (decimal 180)
   defining Unicode char U+00B5 (decimal 181)
   defining Unicode char U+00B6 (decimal 182)
   defining Unicode char U+00B7 (decimal 183)
   defining Unicode char U+00B9 (decimal 185)
   defining Unicode char U+00BA (decimal 186)
   defining Unicode char U+00BC (decimal 188)
   defining Unicode char U+00BD (decimal 189)
   defining Unicode char U+00BE (decimal 190)
   defining Unicode char U+00D7 (decimal 215)
   defining Unicode char U+00F7 (decimal 247)
   defining Unicode char U+0192 (decimal 402)
   defining Unicode char U+02C7 (decimal 711)
   defining Unicode char U+02D8 (decimal 728)
   defining Unicode char U+02DD (decimal 733)
   defining Unicode char U+0E3F (decimal 3647)
   defining Unicode char U+2016 (decimal 8214)
   defining Unicode char U+2020 (decimal 8224)
   defining Unicode char U+2021 (decimal 8225)
   defining Unicode char U+2022 (decimal 8226)
   defining Unicode char U+2030 (decimal 8240)
   defining Unicode char U+2031 (decimal 8241)
   defining Unicode char U+203B (decimal 8251)
   defining Unicode char U+203D (decimal 8253)
   defining Unicode char U+2044 (decimal 8260)
   defining Unicode char U+204E (decimal 8270)
   defining Unicode char U+2052 (decimal 8274)
   defining Unicode char U+20A1 (decimal 8353)
   defining Unicode char U+20A4 (decimal 8356)
   defining Unicode char U+20A6 (decimal 8358)
   defining Unicode char U+20A9 (decimal 8361)
   defining Unicode char U+20AB (decimal 8363)
   defining Unicode char U+20AC (decimal 8364)
   defining Unicode char U+20B1 (decimal 8369)
   defining Unicode char U+2103 (decimal 8451)
   defining Unicode char U+2116 (decimal 8470)
   defining Unicode char U+2117 (decimal 8471)
   defining Unicode char U+211E (decimal 8478)
   defining Unicode char U+2120 (decimal 8480)
   defining Unicode char U+2122 (decimal 8482)
   defining Unicode char U+2126 (decimal 8486)
   defining Unicode char U+2127 (decimal 8487)
   defining Unicode char U+212E (decimal 8494)
   defining Unicode char U+2190 (decimal 8592)
   defining Unicode char U+2191 (decimal 8593)
   defining Unicode char U+2192 (decimal 8594)
   defining Unicode char U+2193 (decimal 8595)
   defining Unicode char U+2329 (decimal 9001)
   defining Unicode char U+3008 (decimal 12296)
   defining Unicode char U+232A (decimal 9002)
   defining Unicode char U+3009 (decimal 12297)
   defining Unicode char U+2422 (decimal 9250)
   defining Unicode char U+25E6 (decimal 9702)
   defining Unicode char U+25EF (decimal 9711)
   defining Unicode char U+266A (decimal 9834)
   defining Unicode char U+27E8 (decimal 10216)
   defining Unicode char U+27E9 (decimal 10217)
   defining Unicode char U+FEFF (decimal 65279)
)
Now handling font encoding OMX ...
... no UTF-8 mapping file for font encoding OMX
Now handling font encoding U ...
... no UTF-8 mapping file for font encoding U
Now handling font encoding PD1 ...
... no UTF-8 mapping file for font encoding PD1
Now handling font encoding PU ...
... no UTF-8 mapping file for font encoding PU
   defining Unicode char U+00A9 (decimal 169)
   defining Unicode char U+00AA (decimal 170)
   defining Unicode char U+00AE (decimal 174)
   defining Unicode char U+00BA (decimal 186)
   defining Unicode char U+02C6 (decimal 710)
   defining Unicode char U+02DC (decimal 732)
   defining Unicode char U+200C (decimal 8204)
   defining Unicode char U+2026 (decimal 8230)
   defining Unicode char U+2122 (decimal 8482)
   defining Unicode char U+2423 (decimal 9251)
   defining Unicode char U+FEFF (decimal 65279)
)))
(/usr/share/texlive/texmf-dist/tex/latex/amsmath/amsmath.sty
Package: amsmath 2023/05/13 v2.17o AMS math features
\@mathmargin=\skip60

For additional information on amsmath, use the `?' option.
(/usr/share/texlive/texmf-dist/tex/latex/amsmath/amstext.sty
Package: amstext 2021/08/26 v2.01 AMS text
)
(/usr/share/texlive/texmf-dist/tex/latex/amsmath/amsbsy.sty
Package: amsbsy 1999/11/29 v1.2d Bold Symbols
\pmbraise@=\dimen256
)
(/usr/share/texlive/texmf-dist/tex/latex/amsmath/amsopn.sty
Package: amsopn 2022/04/08 v2.04 operator names
)
\inf@bad=\count322
LaTeX Info: Redefining \frac on input line 234.
\uproot@=\count323
\leftroot@=\count324
LaTeX Info: Redefining \overline on input line 399.
LaTeX Info: Redefining \colon on input line 410.
\classnum@=\count325
\DOTSCASE@=\count326
LaTeX Info: Redefining \ldots on input line 496.
LaTeX Info: Redefining \dots on input line 499.
LaTeX Info: Redefining \cdots on input line 620.
\Mathstrutbox@=\box82
\strutbox@=\box83
LaTeX Info: Redefining \big on input line 722.
LaTeX Info: Redefining \Big on input line 723.
LaTeX Info: Redefining \bigg on input line 724.
LaTeX Info: Redefining \Bigg on input line 725.
\big@size=\dimen257
LaTeX Font Info:    Redeclaring font encoding OML on input line 743.
LaTeX Font Info:    Redeclaring font encoding OMS on input line 744.
\macc@depth=\count327
LaTeX Info: Redefining \bmod on input line 905.
LaTeX Info: Redefining \pmod on input line 910.
LaTeX Info: Redefining \smash on input line 940.
LaTeX Info: Redefining \relbar on input line 970.
LaTeX Info: Redefining \Relbar on input line 971.
\c@MaxMatrixCols=\count328
\dotsspace@=\muskip17
\c@parentequation=\count329
\dspbrk@lvl=\count330
\tag@help=\toks36
\row@=\count331
\column@=\count332
\maxfields@=\count333
\andhelp@=\toks37
\eqnshift@=\dimen258
\alignsep@=\dimen259
\tagshift@=\dimen260
\tagwidth@=\dimen261
\totwidth@=\dimen262
\lineht@=\dimen263
\@envbody=\toks38
\multlinegap=\skip61
\multlinetaggap=\skip62
\mathdisplay@stack=\toks39
LaTeX Info: Redefining \[ on input line 2953.
LaTeX Info: Redefining \] on input line 2954.
)
(/usr/share/texlive/texmf-dist/tex/latex/kpfonts/kpfonts.sty
Package: kpfonts  2023/01/18 v3.35
\c@mv@rm=\count334
\c@mv@boldrm=\count335
\c@mv@sf=\count336
\c@mv@boldsf=\count337
LaTeX Font Info:    Redeclaring symbol font `operators' on input line 377.
LaTeX Font Info:    Overwriting symbol font `operators' in version `normal'
(Font)                  OT1/cmr/m/n --> OT1/jkp/m/n on input line 377.
LaTeX Font Info:    Overwriting symbol font `operators' in version `bold'
(Font)                  OT1/cmr/bx/n --> OT1/jkp/m/n on input line 377.
LaTeX Font Info:    Overwriting symbol font `operators' in version `rm'
(Font)                  OT1/cmr/m/n --> OT1/jkp/m/n on input line 377.
LaTeX Font Info:    Overwriting symbol font `operators' in version `boldrm'
(Font)                  OT1/cmr/m/n --> OT1/jkp/m/n on input line 377.
LaTeX Font Info:    Overwriting symbol font `operators' in version `sf'
(Font)                  OT1/cmr/m/n --> OT1/jkp/m/n on input line 377.
LaTeX Font Info:    Overwriting symbol font `operators' in version `boldsf'
(Font)                  OT1/cmr/m/n --> OT1/jkp/m/n on input line 377.
LaTeX Font Info:    Overwriting symbol font `operators' in version `bold'
(Font)                  OT1/jkp/m/n --> OT1/jkp/b/n on input line 378.
LaTeX Font Info:    Overwriting symbol font `operators' in version `rm'
(Font)                  OT1/jkp/m/n --> OT1/jkp/m/n on input line 380.
LaTeX Font Info:    Overwriting symbol font `operators' in version `boldrm'
(Font)                  OT1/jkp/m/n --> OT1/jkp/b/n on input line 381.
LaTeX Font Info:    Overwriting symbol font `operators' in version `sf'
(Font)                  OT1/jkp/m/n --> OT1/jkpss/m/n on input line 382.
LaTeX Font Info:    Overwriting symbol font `operators' in version `boldsf'
(Font)                  OT1/jkp/m/n --> OT1/jkpss/b/n on input line 383.
LaTeX Font Info:    Redeclaring math alphabet \mathrm on input line 387.
LaTeX Font Info:    Overwriting math alphabet `\mathrm' in version `bold'
(Font)                  OT1/jkp/m/n --> OT1/jkp/b/n on input line 388.
LaTeX Font Info:    Overwriting math alphabet `\mathrm' in version `rm'
(Font)                  OT1/jkp/m/n --> OT1/jkp/m/n on input line 389.
LaTeX Font Info:    Overwriting math alphabet `\mathrm' in version `boldrm'
(Font)                  OT1/jkp/m/n --> OT1/jkp/b/n on input line 390.
LaTeX Font Info:    Overwriting math alphabet `\mathrm' in version `sf'
(Font)                  OT1/jkp/m/n --> OT1/jkp/m/n on input line 391.
LaTeX Font Info:    Overwriting math alphabet `\mathrm' in version `boldsf'
(Font)                  OT1/jkp/m/n --> OT1/jkp/b/n on input line 392.
LaTeX Font Info:    Redeclaring math alphabet \mathbf on input line 401.
LaTeX Font Info:    Overwriting math alphabet `\mathbf' in version `normal'
(Font)                  OT1/cmr/bx/n --> OT1/jkp/b/n on input line 401.
LaTeX Font Info:    Overwriting math alphabet `\mathbf' in version `bold'
(Font)                  OT1/cmr/bx/n --> OT1/jkp/b/n on input line 401.
LaTeX Font Info:    Overwriting math alphabet `\mathbf' in version `rm'
(Font)                  OT1/cmr/bx/n --> OT1/jkp/b/n on input line 401.
LaTeX Font Info:    Overwriting math alphabet `\mathbf' in version `boldrm'
(Font)                  OT1/cmr/bx/n --> OT1/jkp/b/n on input line 401.
LaTeX Font Info:    Overwriting math alphabet `\mathbf' in version `sf'
(Font)                  OT1/cmr/bx/n --> OT1/jkp/b/n on input line 401.
LaTeX Font Info:    Overwriting math alphabet `\mathbf' in version `boldsf'
(Font)                  OT1/cmr/bx/n --> OT1/jkp/b/n on input line 401.
LaTeX Font Info:    Overwriting math alphabet `\mathbf' in version `bold'
(Font)                  OT1/jkp/b/n --> OT1/jkp/b/n on input line 402.
LaTeX Font Info:    Overwriting math alphabet `\mathbf' in version `rm'
(Font)                  OT1/jkp/b/n --> OT1/jkp/b/n on input line 404.
LaTeX Font Info:    Overwriting math alphabet `\mathbf' in version `boldrm'
(Font)                  OT1/jkp/b/n --> OT1/jkp/b/n on input line 405.
LaTeX Font Info:    Overwriting math alphabet `\mathbf' in version `sf'
(Font)                  OT1/jkp/b/n --> OT1/jkpss/b/n on input line 406.
LaTeX Font Info:    Overwriting math alphabet `\mathbf' in version `boldsf'
(Font)                  OT1/jkp/b/n --> OT1/jkpss/b/n on input line 407.
LaTeX Font Info:    Redeclaring math alphabet \mathit on input line 413.
LaTeX Font Info:    Overwriting math alphabet `\mathit' in version `normal'
(Font)                  OT1/cmr/m/it --> OT1/jkp/m/it on input line 413.
LaTeX Font Info:    Overwriting math alphabet `\mathit' in version `bold'
(Font)                  OT1/cmr/bx/it --> OT1/jkp/m/it on input line 413.
LaTeX Font Info:    Overwriting math alphabet `\mathit' in version `rm'
(Font)                  OT1/cmr/m/it --> OT1/jkp/m/it on input line 413.
LaTeX Font Info:    Overwriting math alphabet `\mathit' in version `boldrm'
(Font)                  OT1/cmr/m/it --> OT1/jkp/m/it on input line 413.
LaTeX Font Info:    Overwriting math alphabet `\mathit' in version `sf'
(Font)                  OT1/cmr/m/it --> OT1/jkp/m/it on input line 413.
LaTeX Font Info:    Overwriting math alphabet `\mathit' in version `boldsf'
(Font)                  OT1/cmr/m/it --> OT1/jkp/m/it on input line 413.
LaTeX Font Info:    Overwriting math alphabet `\mathit' in version `bold'
(Font)                  OT1/jkp/m/it --> OT1/jkp/b/it on input line 414.
LaTeX Font Info:    Overwriting math alphabet `\mathit' in version `rm'
(Font)                  OT1/jkp/m/it --> OT1/jkp/m/it on input line 416.
LaTeX Font Info:    Overwriting math alphabet `\mathit' in version `boldrm'
(Font)                  OT1/jkp/m/it --> OT1/jkp/b/it on input line 417.
LaTeX Font Info:    Overwriting math alphabet `\mathit' in version `sf'
(Font)                  OT1/jkp/m/it --> OT1/jkpss/m/it on input line 418.
LaTeX Font Info:    Overwriting math alphabet `\mathit' in version `boldsf'
(Font)                  OT1/jkp/m/it --> OT1/jkpss/b/it on input line 419.
LaTeX Font Info:    Redeclaring math alphabet \mathsf on input line 424.
LaTeX Font Info:    Overwriting math alphabet `\mathsf' in version `normal'
(Font)                  OT1/cmss/m/n --> OT1/jkpss/m/n on input line 424.
LaTeX Font Info:    Overwriting math alphabet `\mathsf' in version `bold'
(Font)                  OT1/cmss/bx/n --> OT1/jkpss/m/n on input line 424.
LaTeX Font Info:    Overwriting math alphabet `\mathsf' in version `rm'
(Font)                  OT1/cmss/m/n --> OT1/jkpss/m/n on input line 424.
LaTeX Font Info:    Overwriting math alphabet `\mathsf' in version `boldrm'
(Font)                  OT1/cmss/m/n --> OT1/jkpss/m/n on input line 424.
LaTeX Font Info:    Overwriting math alphabet `\mathsf' in version `sf'
(Font)                  OT1/cmss/m/n --> OT1/jkpss/m/n on input line 424.
LaTeX Font Info:    Overwriting math alphabet `\mathsf' in version `boldsf'
(Font)                  OT1/cmss/m/n --> OT1/jkpss/m/n on input line 424.
LaTeX Font Info:    Overwriting math alphabet `\mathsf' in version `bold'
(Font)                  OT1/jkpss/m/n --> OT1/jkpss/b/n on input line 425.
LaTeX Font Info:    Overwriting math alphabet `\mathsf' in version `rm'
(Font)                  OT1/jkpss/m/n --> OT1/jkpss/m/n on input line 426.
LaTeX Font Info:    Overwriting math alphabet `\mathsf' in version `boldrm'
(Font)                  OT1/jkpss/m/n --> OT1/jkpss/b/n on input line 427.
LaTeX Font Info:    Overwriting math alphabet `\mathsf' in version `sf'
(Font)                  OT1/jkpss/m/n --> OT1/jkpss/m/n on input line 428.
LaTeX Font Info:    Overwriting math alphabet `\mathsf' in version `boldsf'
(Font)                  OT1/jkpss/m/n --> OT1/jkpss/b/n on input line 429.
LaTeX Font Info:    Redeclaring math alphabet \mathtt on input line 433.
LaTeX Font Info:    Overwriting math alphabet `\mathtt' in version `normal'
(Font)                  OT1/cmtt/m/n --> OT1/jkptt/m/n on input line 433.
LaTeX Font Info:    Overwriting math alphabet `\mathtt' in version `bold'
(Font)                  OT1/cmtt/m/n --> OT1/jkptt/m/n on input line 433.
LaTeX Font Info:    Overwriting math alphabet `\mathtt' in version `rm'
(Font)                  OT1/cmtt/m/n --> OT1/jkptt/m/n on input line 433.
LaTeX Font Info:    Overwriting math alphabet `\mathtt' in version `boldrm'
(Font)                  OT1/cmtt/m/n --> OT1/jkptt/m/n on input line 433.
LaTeX Font Info:    Overwriting math alphabet `\mathtt' in version `sf'
(Font)                  OT1/cmtt/m/n --> OT1/jkptt/m/n on input line 433.
LaTeX Font Info:    Overwriting math alphabet `\mathtt' in version `boldsf'
(Font)                  OT1/cmtt/m/n --> OT1/jkptt/m/n on input line 433.
LaTeX Font Info:    Overwriting math alphabet `\mathtt' in version `bold'
(Font)                  OT1/jkptt/m/n --> OT1/jkptt/b/n on input line 434.
LaTeX Font Info:    Overwriting math alphabet `\mathtt' in version `rm'
(Font)                  OT1/jkptt/m/n --> OT1/jkptt/m/n on input line 435.
LaTeX Font Info:    Overwriting math alphabet `\mathtt' in version `boldrm'
(Font)                  OT1/jkptt/m/n --> OT1/jkptt/b/n on input line 436.
LaTeX Font Info:    Overwriting math alphabet `\mathtt' in version `sf'
(Font)                  OT1/jkptt/m/n --> OT1/jkptt/m/n on input line 437.
LaTeX Font Info:    Overwriting math alphabet `\mathtt' in version `boldsf'
(Font)                  OT1/jkptt/m/n --> OT1/jkptt/b/n on input line 438.
LaTeX Font Info:    Redeclaring symbol font `letters' on input line 446.
LaTeX Font Info:    Overwriting symbol font `letters' in version `normal'
(Font)                  OML/cmm/m/it --> OML/jkpw/m/it on input line 446.
LaTeX Font Info:    Overwriting symbol font `letters' in version `bold'
(Font)                  OML/cmm/b/it --> OML/jkpw/m/it on input line 446.
LaTeX Font Info:    Overwriting symbol font `letters' in version `rm'
(Font)                  OML/cmm/m/it --> OML/jkpw/m/it on input line 446.
LaTeX Font Info:    Overwriting symbol font `letters' in version `boldrm'
(Font)                  OML/cmm/m/it --> OML/jkpw/m/it on input line 446.
LaTeX Font Info:    Overwriting symbol font `letters' in version `sf'
(Font)                  OML/cmm/m/it --> OML/jkpw/m/it on input line 446.
LaTeX Font Info:    Overwriting symbol font `letters' in version `boldsf'
(Font)                  OML/cmm/m/it --> OML/jkpw/m/it on input line 446.
LaTeX Font Info:    Overwriting symbol font `letters' in version `bold'
(Font)                  OML/jkpw/m/it --> OML/jkpw/bx/it on input line 447.
LaTeX Font Info:    Overwriting symbol font `letters' in version `rm'
(Font)                  OML/jkpw/m/it --> OML/jkpw/m/it on input line 449.
LaTeX Font Info:    Overwriting symbol font `letters' in version `boldrm'
(Font)                  OML/jkpw/m/it --> OML/jkpw/bx/it on input line 450.
LaTeX Font Info:    Overwriting symbol font `letters' in version `sf'
(Font)                  OML/jkpw/m/it --> OML/jkpss/m/it on input line 451.
LaTeX Font Info:    Overwriting symbol font `letters' in version `boldsf'
(Font)                  OML/jkpw/m/it --> OML/jkpss/bx/it on input line 452.
\symlettersA=\mathgroup4
LaTeX Font Info:    Overwriting symbol font `lettersA' in version `bold'
(Font)                  U/jkpmiaw/m/it --> U/jkpmiaw/bx/it on input line 462.
LaTeX Font Info:    Overwriting symbol font `lettersA' in version `rm'
(Font)                  U/jkpmiaw/m/it --> U/jkpmiaw/m/it on input line 464.
LaTeX Font Info:    Overwriting symbol font `lettersA' in version `boldrm'
(Font)                  U/jkpmiaw/m/it --> U/jkpmiaw/bx/it on input line 465.
LaTeX Font Info:    Overwriting symbol font `lettersA' in version `sf'
(Font)                  U/jkpmiaw/m/it --> U/jkpssmia/m/it on input line 466.
LaTeX Font Info:    Overwriting symbol font `lettersA' in version `boldsf'
(Font)                  U/jkpmiaw/m/it --> U/jkpssmia/bx/it on input line 467.
LaTeX Font Info:    Redeclaring symbol font `symbols' on input line 479.
LaTeX Font Info:    Overwriting symbol font `symbols' in version `normal'
(Font)                  OMS/cmsy/m/n --> OMS/jkpw/m/n on input line 479.
LaTeX Font Info:    Overwriting symbol font `symbols' in version `bold'
(Font)                  OMS/cmsy/b/n --> OMS/jkpw/m/n on input line 479.
LaTeX Font Info:    Overwriting symbol font `symbols' in version `rm'
(Font)                  OMS/cmsy/m/n --> OMS/jkpw/m/n on input line 479.
LaTeX Font Info:    Overwriting symbol font `symbols' in version `boldrm'
(Font)                  OMS/cmsy/m/n --> OMS/jkpw/m/n on input line 479.
LaTeX Font Info:    Overwriting symbol font `symbols' in version `sf'
(Font)                  OMS/cmsy/m/n --> OMS/jkpw/m/n on input line 479.
LaTeX Font Info:    Overwriting symbol font `symbols' in version `boldsf'
(Font)                  OMS/cmsy/m/n --> OMS/jkpw/m/n on input line 479.
LaTeX Font Info:    Overwriting symbol font `symbols' in version `bold'
(Font)                  OMS/jkpw/m/n --> OMS/jkpw/bx/n on input line 480.
LaTeX Font Info:    Overwriting symbol font `symbols' in version `rm'
(Font)                  OMS/jkpw/m/n --> OMS/jkpw/m/n on input line 482.
LaTeX Font Info:    Overwriting symbol font `symbols' in version `boldrm'
(Font)                  OMS/jkpw/m/n --> OMS/jkpw/bx/n on input line 483.
LaTeX Font Info:    Overwriting symbol font `symbols' in version `sf'
(Font)                  OMS/jkpw/m/n --> OMS/jkp/m/n on input line 484.
LaTeX Font Info:    Overwriting symbol font `symbols' in version `boldsf'
(Font)                  OMS/jkpw/m/n --> OMS/jkp/bx/n on input line 485.
\symAMSa=\mathgroup5
LaTeX Font Info:    Overwriting symbol font `AMSa' in version `bold'
(Font)                  U/jkpsya/m/n --> U/jkpsya/bx/n on input line 499.
LaTeX Font Info:    Overwriting symbol font `AMSa' in version `rm'
(Font)                  U/jkpsya/m/n --> U/jkpsya/m/n on input line 500.
LaTeX Font Info:    Overwriting symbol font `AMSa' in version `boldrm'
(Font)                  U/jkpsya/m/n --> U/jkpsya/bx/n on input line 501.
LaTeX Font Info:    Overwriting symbol font `AMSa' in version `sf'
(Font)                  U/jkpsya/m/n --> U/jkpsya/m/n on input line 502.
LaTeX Font Info:    Overwriting symbol font `AMSa' in version `boldsf'
(Font)                  U/jkpsya/m/n --> U/jkpsya/bx/n on input line 503.
\symAMSb=\mathgroup6
LaTeX Font Info:    Overwriting symbol font `AMSb' in version `bold'
(Font)                  U/jkpsybw/m/n --> U/jkpsybw/bx/n on input line 552.
LaTeX Font Info:    Overwriting symbol font `AMSb' in version `rm'
(Font)                  U/jkpsybw/m/n --> U/jkpsybw/m/n on input line 553.
LaTeX Font Info:    Overwriting symbol font `AMSb' in version `boldrm'
(Font)                  U/jkpsybw/m/n --> U/jkpsybw/bx/n on input line 554.
LaTeX Font Info:    Overwriting symbol font `AMSb' in version `sf'
(Font)                  U/jkpsybw/m/n --> U/jkpsssyb/m/n on input line 555.
LaTeX Font Info:    Overwriting symbol font `AMSb' in version `boldsf'
(Font)                  U/jkpsybw/m/n --> U/jkpsssyb/bx/n on input line 556.
\symsymbolsC=\mathgroup7
LaTeX Font Info:    Overwriting symbol font `symbolsC' in version `bold'
(Font)                  U/jkpsyc/m/n --> U/jkpsyc/bx/n on input line 572.
LaTeX Font Info:    Overwriting symbol font `symbolsC' in version `rm'
(Font)                  U/jkpsyc/m/n --> U/jkpsyc/m/n on input line 574.
LaTeX Font Info:    Overwriting symbol font `symbolsC' in version `boldrm'
(Font)                  U/jkpsyc/m/n --> U/jkpsyc/bx/n on input line 575.
LaTeX Font Info:    Overwriting symbol font `symbolsC' in version `sf'
(Font)                  U/jkpsyc/m/n --> U/jkpsyc/m/n on input line 576.
LaTeX Font Info:    Overwriting symbol font `symbolsC' in version `boldsf'
(Font)                  U/jkpsyc/m/n --> U/jkpsyc/bx/n on input line 577.
LaTeX Font Info:    Overwriting math alphabet `\mathscr' in version `bold'
(Font)                  U/jkpsydw/m/n --> U/jkpsydw/bx/n on input line 606.
LaTeX Font Info:    Overwriting math alphabet `\mathscr' in version `rm'
(Font)                  U/jkpsydw/m/n --> U/jkpsydw/m/n on input line 608.
LaTeX Font Info:    Overwriting math alphabet `\mathscr' in version `boldrm'
(Font)                  U/jkpsydw/m/n --> U/jkpsydw/bx/n on input line 609.
LaTeX Font Info:    Overwriting math alphabet `\mathscr' in version `sf'
(Font)                  U/jkpsydw/m/n --> U/jkpsyd/m/n on input line 610.
LaTeX Font Info:    Overwriting math alphabet `\mathscr' in version `boldsf'
(Font)                  U/jkpsydw/m/n --> U/jkpsyd/bx/n on input line 611.
LaTeX Font Info:    Redeclaring symbol font `largesymbols' on input line 621.
LaTeX Font Info:    Overwriting symbol font `largesymbols' in version `normal'
(Font)                  OMX/cmex/m/n --> OMX/jkp/m/n on input line 621.
LaTeX Font Info:    Overwriting symbol font `largesymbols' in version `bold'
(Font)                  OMX/cmex/m/n --> OMX/jkp/m/n on input line 621.
LaTeX Font Info:    Overwriting symbol font `largesymbols' in version `rm'
(Font)                  OMX/cmex/m/n --> OMX/jkp/m/n on input line 621.
LaTeX Font Info:    Overwriting symbol font `largesymbols' in version `boldrm'
(Font)                  OMX/cmex/m/n --> OMX/jkp/m/n on input line 621.
LaTeX Font Info:    Overwriting symbol font `largesymbols' in version `sf'
(Font)                  OMX/cmex/m/n --> OMX/jkp/m/n on input line 621.
LaTeX Font Info:    Overwriting symbol font `largesymbols' in version `boldsf'
(Font)                  OMX/cmex/m/n --> OMX/jkp/m/n on input line 621.
LaTeX Font Info:    Overwriting symbol font `largesymbols' in version `bold'
(Font)                  OMX/jkp/m/n --> OMX/jkp/bx/n on input line 622.
LaTeX Font Info:    Overwriting symbol font `largesymbols' in version `rm'
(Font)                  OMX/jkp/m/n --> OMX/jkp/m/n on input line 624.
LaTeX Font Info:    Overwriting symbol font `largesymbols' in version `boldrm'
(Font)                  OMX/jkp/m/n --> OMX/jkp/bx/n on input line 625.
LaTeX Font Info:    Overwriting symbol font `largesymbols' in version `sf'
(Font)                  OMX/jkp/m/n --> OMX/jkpss/m/n on input line 626.
LaTeX Font Info:    Overwriting symbol font `largesymbols' in version `boldsf'
(Font)                  OMX/jkp/m/n --> OMX/jkpss/bx/n on input line 627.
\symlargesymbolsA=\mathgroup8
LaTeX Font Info:    Overwriting symbol font `largesymbolsA' in version `bold'
(Font)                  U/jkpexa/m/n --> U/jkpexa/bx/n on input line 638.
LaTeX Font Info:    Overwriting symbol font `largesymbolsA' in version `rm'
(Font)                  U/jkpexa/m/n --> U/jkpexa/m/n on input line 640.
LaTeX Font Info:    Overwriting symbol font `largesymbolsA' in version `boldrm'

(Font)                  U/jkpexa/m/n --> U/jkpexa/bx/n on input line 641.
LaTeX Font Info:    Overwriting symbol font `largesymbolsA' in version `sf'
(Font)                  U/jkpexa/m/n --> U/jkpexa/m/n on input line 642.
LaTeX Font Info:    Overwriting symbol font `largesymbolsA' in version `boldsf'

(Font)                  U/jkpexa/m/n --> U/jkpexa/bx/n on input line 643.
LaTeX Font Info:    Redeclaring math symbol \hbar on input line 963.
LaTeX Info: Redefining \not on input line 1603.
)
(/usr/share/texlive/texmf-dist/tex/latex/amsfonts/amsfonts.sty
Package: amsfonts 2013/01/14 v3.01 Basic AMSFonts support
LaTeX Font Info:    Redeclaring symbol font `AMSa' on input line 59.
LaTeX Font Info:    Overwriting symbol font `AMSa' in version `normal'
(Font)                  U/jkpsya/m/n --> U/msa/m/n on input line 59.
LaTeX Font Info:    Overwriting symbol font `AMSa' in version `bold'
(Font)                  U/jkpsya/bx/n --> U/msa/m/n on input line 59.
LaTeX Font Info:    Overwriting symbol font `AMSa' in version `rm'
(Font)                  U/jkpsya/m/n --> U/msa/m/n on input line 59.
LaTeX Font Info:    Overwriting symbol font `AMSa' in version `boldrm'
(Font)                  U/jkpsya/bx/n --> U/msa/m/n on input line 59.
LaTeX Font Info:    Overwriting symbol font `AMSa' in version `sf'
(Font)                  U/jkpsya/m/n --> U/msa/m/n on input line 59.
LaTeX Font Info:    Overwriting symbol font `AMSa' in version `boldsf'
(Font)                  U/jkpsya/bx/n --> U/msa/m/n on input line 59.
LaTeX Font Info:    Redeclaring symbol font `AMSb' on input line 60.
LaTeX Font Info:    Overwriting symbol font `AMSb' in version `normal'
(Font)                  U/jkpsybw/m/n --> U/msb/m/n on input line 60.
LaTeX Font Info:    Overwriting symbol font `AMSb' in version `bold'
(Font)                  U/jkpsybw/bx/n --> U/msb/m/n on input line 60.
LaTeX Font Info:    Overwriting symbol font `AMSb' in version `rm'
(Font)                  U/jkpsybw/m/n --> U/msb/m/n on input line 60.
LaTeX Font Info:    Overwriting symbol font `AMSb' in version `boldrm'
(Font)                  U/jkpsybw/bx/n --> U/msb/m/n on input line 60.
LaTeX Font Info:    Overwriting symbol font `AMSb' in version `sf'
(Font)                  U/jkpsssyb/m/n --> U/msb/m/n on input line 60.
LaTeX Font Info:    Overwriting symbol font `AMSb' in version `boldsf'
(Font)                  U/jkpsssyb/bx/n --> U/msb/m/n on input line 60.
LaTeX Font Info:    Redeclaring math delimiter \ulcorner on input line 74.
LaTeX Font Info:    Redeclaring math delimiter \urcorner on input line 75.
LaTeX Font Info:    Redeclaring math delimiter \llcorner on input line 76.
LaTeX Font Info:    Redeclaring math delimiter \lrcorner on input line 77.
LaTeX Font Info:    Redeclaring math symbol \square on input line 141.
LaTeX Font Info:    Redeclaring math symbol \lozenge on input line 142.
)
(/usr/share/texlive/texmf-dist/tex/latex/amscls/amsthm.sty
Package: amsthm 2020/05/29 v2.20.6
\thm@style=\toks40
\thm@bodyfont=\toks41
\thm@headfont=\toks42
\thm@notefont=\toks43
\thm@headpunct=\toks44
\thm@preskip=\skip63
\thm@postskip=\skip64
\thm@headsep=\skip65
\dth@everypar=\toks45
)
(/usr/share/texlive/texmf-dist/tex/latex/amsmath/amsxtra.sty
Package: amsxtra 1999/11/15 v1.2c AMS extra commands
LaTeX Info: Redefining \nobreakspace on input line 54.
)
(/usr/share/texlive/texmf-dist/tex/latex/amsfonts/amssymb.sty
Package: amssymb 2013/01/14 v3.01 AMS font symbols
LaTeX Font Info:    Redeclaring math symbol \boxdot on input line 44.
LaTeX Font Info:    Redeclaring math symbol \boxplus on input line 45.
LaTeX Font Info:    Redeclaring math symbol \boxtimes on input line 46.
LaTeX Font Info:    Redeclaring math symbol \blacksquare on input line 48.
LaTeX Font Info:    Redeclaring math symbol \centerdot on input line 49.
LaTeX Font Info:    Redeclaring math symbol \blacklozenge on input line 51.
LaTeX Font Info:    Redeclaring math symbol \circlearrowright on input line 52.

LaTeX Font Info:    Redeclaring math symbol \circlearrowleft on input line 53.
LaTeX Font Info:    Redeclaring math symbol \leftrightharpoons on input line 56
.
LaTeX Font Info:    Redeclaring math symbol \boxminus on input line 57.
LaTeX Font Info:    Redeclaring math symbol \Vdash on input line 58.
LaTeX Font Info:    Redeclaring math symbol \Vvdash on input line 59.
LaTeX Font Info:    Redeclaring math symbol \vDash on input line 60.
LaTeX Font Info:    Redeclaring math symbol \twoheadrightarrow on input line 61
.
LaTeX Font Info:    Redeclaring math symbol \twoheadleftarrow on input line 62.

LaTeX Font Info:    Redeclaring math symbol \leftleftarrows on input line 63.
LaTeX Font Info:    Redeclaring math symbol \rightrightarrows on input line 64.

LaTeX Font Info:    Redeclaring math symbol \upuparrows on input line 65.
LaTeX Font Info:    Redeclaring math symbol \downdownarrows on input line 66.
LaTeX Font Info:    Redeclaring math symbol \upharpoonright on input line 67.
LaTeX Font Info:    Redeclaring math symbol \downharpoonright on input line 69.

LaTeX Font Info:    Redeclaring math symbol \upharpoonleft on input line 70.
LaTeX Font Info:    Redeclaring math symbol \downharpoonleft on input line 71.
LaTeX Font Info:    Redeclaring math symbol \rightarrowtail on input line 72.
LaTeX Font Info:    Redeclaring math symbol \leftarrowtail on input line 73.
LaTeX Font Info:    Redeclaring math symbol \leftrightarrows on input line 74.
LaTeX Font Info:    Redeclaring math symbol \rightleftarrows on input line 75.
LaTeX Font Info:    Redeclaring math symbol \Lsh on input line 76.
LaTeX Font Info:    Redeclaring math symbol \Rsh on input line 77.
LaTeX Font Info:    Redeclaring math symbol \leftrightsquigarrow on input line 
79.
LaTeX Font Info:    Redeclaring math symbol \looparrowleft on input line 80.
LaTeX Font Info:    Redeclaring math symbol \looparrowright on input line 81.
LaTeX Font Info:    Redeclaring math symbol \circeq on input line 82.
LaTeX Font Info:    Redeclaring math symbol \succsim on input line 83.
LaTeX Font Info:    Redeclaring math symbol \gtrsim on input line 84.
LaTeX Font Info:    Redeclaring math symbol \gtrapprox on input line 85.
LaTeX Font Info:    Redeclaring math symbol \multimap on input line 86.
LaTeX Font Info:    Redeclaring math symbol \therefore on input line 87.
LaTeX Font Info:    Redeclaring math symbol \because on input line 88.
LaTeX Font Info:    Redeclaring math symbol \doteqdot on input line 89.
LaTeX Font Info:    Redeclaring math symbol \triangleq on input line 91.
LaTeX Font Info:    Redeclaring math symbol \precsim on input line 92.
LaTeX Font Info:    Redeclaring math symbol \lesssim on input line 93.
LaTeX Font Info:    Redeclaring math symbol \lessapprox on input line 94.
LaTeX Font Info:    Redeclaring math symbol \eqslantless on input line 95.
LaTeX Font Info:    Redeclaring math symbol \eqslantgtr on input line 96.
LaTeX Font Info:    Redeclaring math symbol \curlyeqprec on input line 97.
LaTeX Font Info:    Redeclaring math symbol \curlyeqsucc on input line 98.
LaTeX Font Info:    Redeclaring math symbol \preccurlyeq on input line 99.
LaTeX Font Info:    Redeclaring math symbol \leqq on input line 100.
LaTeX Font Info:    Redeclaring math symbol \leqslant on input line 101.
LaTeX Font Info:    Redeclaring math symbol \lessgtr on input line 102.
LaTeX Font Info:    Redeclaring math symbol \backprime on input line 103.
LaTeX Font Info:    Redeclaring math symbol \risingdotseq on input line 104.
LaTeX Font Info:    Redeclaring math symbol \fallingdotseq on input line 105.
LaTeX Font Info:    Redeclaring math symbol \succcurlyeq on input line 106.
LaTeX Font Info:    Redeclaring math symbol \geqq on input line 107.
LaTeX Font Info:    Redeclaring math symbol \geqslant on input line 108.
LaTeX Font Info:    Redeclaring math symbol \gtrless on input line 109.
LaTeX Font Info:    Redeclaring math symbol \bigstar on input line 117.
LaTeX Font Info:    Redeclaring math symbol \between on input line 118.
LaTeX Font Info:    Redeclaring math symbol \blacktriangledown on input line 11
9.
LaTeX Font Info:    Redeclaring math symbol \blacktriangleright on input line 1
20.
LaTeX Font Info:    Redeclaring math symbol \blacktriangleleft on input line 12
1.
LaTeX Font Info:    Redeclaring math symbol \vartriangle on input line 122.
LaTeX Font Info:    Redeclaring math symbol \blacktriangle on input line 123.
LaTeX Font Info:    Redeclaring math symbol \triangledown on input line 124.
LaTeX Font Info:    Redeclaring math symbol \eqcirc on input line 125.
LaTeX Font Info:    Redeclaring math symbol \lesseqgtr on input line 126.
LaTeX Font Info:    Redeclaring math symbol \gtreqless on input line 127.
LaTeX Font Info:    Redeclaring math symbol \lesseqqgtr on input line 128.
LaTeX Font Info:    Redeclaring math symbol \gtreqqless on input line 129.
LaTeX Font Info:    Redeclaring math symbol \Rrightarrow on input line 130.
LaTeX Font Info:    Redeclaring math symbol \Lleftarrow on input line 131.
LaTeX Font Info:    Redeclaring math symbol \veebar on input line 132.
LaTeX Font Info:    Redeclaring math symbol \barwedge on input line 133.
LaTeX Font Info:    Redeclaring math symbol \doublebarwedge on input line 134.
LaTeX Font Info:    Redeclaring math symbol \measuredangle on input line 137.
LaTeX Font Info:    Redeclaring math symbol \sphericalangle on input line 138.
LaTeX Font Info:    Redeclaring math symbol \varpropto on input line 139.
LaTeX Font Info:    Redeclaring math symbol \smallsmile on input line 140.
LaTeX Font Info:    Redeclaring math symbol \smallfrown on input line 141.
LaTeX Font Info:    Redeclaring math symbol \Subset on input line 142.
LaTeX Font Info:    Redeclaring math symbol \Supset on input line 143.
LaTeX Font Info:    Redeclaring math symbol \Cup on input line 144.
LaTeX Font Info:    Redeclaring math symbol \Cap on input line 146.
LaTeX Font Info:    Redeclaring math symbol \curlywedge on input line 148.
LaTeX Font Info:    Redeclaring math symbol \curlyvee on input line 149.
LaTeX Font Info:    Redeclaring math symbol \leftthreetimes on input line 150.
LaTeX Font Info:    Redeclaring math symbol \rightthreetimes on input line 151.

LaTeX Font Info:    Redeclaring math symbol \subseteqq on input line 152.
LaTeX Font Info:    Redeclaring math symbol \supseteqq on input line 153.
LaTeX Font Info:    Redeclaring math symbol \bumpeq on input line 154.
LaTeX Font Info:    Redeclaring math symbol \Bumpeq on input line 155.
LaTeX Font Info:    Redeclaring math symbol \lll on input line 156.
LaTeX Font Info:    Redeclaring math symbol \ggg on input line 158.
LaTeX Font Info:    Redeclaring math symbol \circledS on input line 160.
LaTeX Font Info:    Redeclaring math symbol \pitchfork on input line 161.
LaTeX Font Info:    Redeclaring math symbol \dotplus on input line 162.
LaTeX Font Info:    Redeclaring math symbol \backsim on input line 163.
LaTeX Font Info:    Redeclaring math symbol \backsimeq on input line 164.
LaTeX Font Info:    Redeclaring math symbol \complement on input line 165.
LaTeX Font Info:    Redeclaring math symbol \intercal on input line 166.
LaTeX Font Info:    Redeclaring math symbol \circledcirc on input line 167.
LaTeX Font Info:    Redeclaring math symbol \circledast on input line 168.
LaTeX Font Info:    Redeclaring math symbol \circleddash on input line 169.
LaTeX Font Info:    Redeclaring math symbol \lvertneqq on input line 171.
LaTeX Font Info:    Redeclaring math symbol \gvertneqq on input line 172.
LaTeX Font Info:    Redeclaring math symbol \nleq on input line 173.
LaTeX Font Info:    Redeclaring math symbol \ngeq on input line 174.
LaTeX Font Info:    Redeclaring math symbol \nless on input line 175.
LaTeX Font Info:    Redeclaring math symbol \ngtr on input line 176.
LaTeX Font Info:    Redeclaring math symbol \nprec on input line 177.
LaTeX Font Info:    Redeclaring math symbol \nsucc on input line 178.
LaTeX Font Info:    Redeclaring math symbol \lneqq on input line 179.
LaTeX Font Info:    Redeclaring math symbol \gneqq on input line 180.
LaTeX Font Info:    Redeclaring math symbol \nleqslant on input line 181.
LaTeX Font Info:    Redeclaring math symbol \ngeqslant on input line 182.
LaTeX Font Info:    Redeclaring math symbol \lneq on input line 183.
LaTeX Font Info:    Redeclaring math symbol \gneq on input line 184.
LaTeX Font Info:    Redeclaring math symbol \npreceq on input line 185.
LaTeX Font Info:    Redeclaring math symbol \nsucceq on input line 186.
LaTeX Font Info:    Redeclaring math symbol \precnsim on input line 187.
LaTeX Font Info:    Redeclaring math symbol \succnsim on input line 188.
LaTeX Font Info:    Redeclaring math symbol \lnsim on input line 189.
LaTeX Font Info:    Redeclaring math symbol \gnsim on input line 190.
LaTeX Font Info:    Redeclaring math symbol \nleqq on input line 191.
LaTeX Font Info:    Redeclaring math symbol \ngeqq on input line 192.
LaTeX Font Info:    Redeclaring math symbol \precneqq on input line 193.
LaTeX Font Info:    Redeclaring math symbol \succneqq on input line 194.
LaTeX Font Info:    Redeclaring math symbol \precnapprox on input line 195.
LaTeX Font Info:    Redeclaring math symbol \succnapprox on input line 196.
LaTeX Font Info:    Redeclaring math symbol \lnapprox on input line 197.
LaTeX Font Info:    Redeclaring math symbol \gnapprox on input line 198.
LaTeX Font Info:    Redeclaring math symbol \nsim on input line 199.
LaTeX Font Info:    Redeclaring math symbol \ncong on input line 200.
LaTeX Font Info:    Redeclaring math symbol \diagup on input line 201.
LaTeX Font Info:    Redeclaring math symbol \diagdown on input line 202.
LaTeX Font Info:    Redeclaring math symbol \varsubsetneq on input line 203.
LaTeX Font Info:    Redeclaring math symbol \varsupsetneq on input line 204.
LaTeX Font Info:    Redeclaring math symbol \nsubseteqq on input line 205.
LaTeX Font Info:    Redeclaring math symbol \nsupseteqq on input line 206.
LaTeX Font Info:    Redeclaring math symbol \subsetneqq on input line 207.
LaTeX Font Info:    Redeclaring math symbol \supsetneqq on input line 208.
LaTeX Font Info:    Redeclaring math symbol \varsubsetneqq on input line 209.
LaTeX Font Info:    Redeclaring math symbol \varsupsetneqq on input line 210.
LaTeX Font Info:    Redeclaring math symbol \subsetneq on input line 211.
LaTeX Font Info:    Redeclaring math symbol \supsetneq on input line 212.
LaTeX Font Info:    Redeclaring math symbol \nsubseteq on input line 213.
LaTeX Font Info:    Redeclaring math symbol \nsupseteq on input line 214.
LaTeX Font Info:    Redeclaring math symbol \nparallel on input line 215.
LaTeX Font Info:    Redeclaring math symbol \nmid on input line 216.
LaTeX Font Info:    Redeclaring math symbol \nshortmid on input line 217.
LaTeX Font Info:    Redeclaring math symbol \nshortparallel on input line 218.
LaTeX Font Info:    Redeclaring math symbol \nvdash on input line 219.
LaTeX Font Info:    Redeclaring math symbol \nVdash on input line 220.
LaTeX Font Info:    Redeclaring math symbol \nvDash on input line 221.
LaTeX Font Info:    Redeclaring math symbol \nVDash on input line 222.
LaTeX Font Info:    Redeclaring math symbol \ntrianglerighteq on input line 223
.
LaTeX Font Info:    Redeclaring math symbol \ntrianglelefteq on input line 224.

LaTeX Font Info:    Redeclaring math symbol \ntriangleleft on input line 225.
LaTeX Font Info:    Redeclaring math symbol \ntriangleright on input line 226.
LaTeX Font Info:    Redeclaring math symbol \nleftarrow on input line 227.
LaTeX Font Info:    Redeclaring math symbol \nrightarrow on input line 228.
LaTeX Font Info:    Redeclaring math symbol \nLeftarrow on input line 229.
LaTeX Font Info:    Redeclaring math symbol \nRightarrow on input line 230.
LaTeX Font Info:    Redeclaring math symbol \nLeftrightarrow on input line 231.

LaTeX Font Info:    Redeclaring math symbol \nleftrightarrow on input line 232.

LaTeX Font Info:    Redeclaring math symbol \divideontimes on input line 233.
LaTeX Font Info:    Redeclaring math symbol \varnothing on input line 234.
LaTeX Font Info:    Redeclaring math symbol \nexists on input line 235.
LaTeX Font Info:    Redeclaring math symbol \Finv on input line 236.
LaTeX Font Info:    Redeclaring math symbol \Game on input line 237.
LaTeX Font Info:    Redeclaring math symbol \eth on input line 240.
LaTeX Font Info:    Redeclaring math symbol \eqsim on input line 241.
LaTeX Font Info:    Redeclaring math symbol \beth on input line 242.
LaTeX Font Info:    Redeclaring math symbol \gimel on input line 243.
LaTeX Font Info:    Redeclaring math symbol \daleth on input line 244.
LaTeX Font Info:    Redeclaring math symbol \lessdot on input line 245.
LaTeX Font Info:    Redeclaring math symbol \gtrdot on input line 246.
LaTeX Font Info:    Redeclaring math symbol \ltimes on input line 247.
LaTeX Font Info:    Redeclaring math symbol \rtimes on input line 248.
LaTeX Font Info:    Redeclaring math symbol \shortmid on input line 249.
LaTeX Font Info:    Redeclaring math symbol \shortparallel on input line 250.
LaTeX Font Info:    Redeclaring math symbol \smallsetminus on input line 251.
LaTeX Font Info:    Redeclaring math symbol \thicksim on input line 252.
LaTeX Font Info:    Redeclaring math symbol \thickapprox on input line 253.
LaTeX Font Info:    Redeclaring math symbol \approxeq on input line 254.
LaTeX Font Info:    Redeclaring math symbol \succapprox on input line 255.
LaTeX Font Info:    Redeclaring math symbol \precapprox on input line 256.
LaTeX Font Info:    Redeclaring math symbol \curvearrowleft on input line 257.
LaTeX Font Info:    Redeclaring math symbol \curvearrowright on input line 258.

LaTeX Font Info:    Redeclaring math symbol \digamma on input line 259.
LaTeX Font Info:    Redeclaring math symbol \varkappa on input line 260.
LaTeX Font Info:    Redeclaring math symbol \Bbbk on input line 261.
LaTeX Font Info:    Redeclaring math symbol \hslash on input line 262.
LaTeX Font Info:    Redeclaring math symbol \backepsilon on input line 265.
)
(/usr/share/texlive/texmf-dist/tex/generic/mathdots/mathdots.sty
Package: mathdots 2014/06/11 v0.9 Improve and add various macros for dots in ma
th.
\MDo@unit=\dimen264
\MDo@dotsbox=\box84
\MDoprekern=\muskip18
\MDopostkern=\muskip19
\MDodotkern=\muskip20
)
(/usr/share/texlive/texmf-dist/tex/latex/jknapltx/mathrsfs.sty
Package: mathrsfs 1996/01/01 Math RSFS package v1.0 (jk)
\symrsfs=\mathgroup9
LaTeX Font Info:    Redeclaring math alphabet \mathscr on input line 9.
)
(/usr/share/texlive/texmf-dist/tex/latex/microtype/microtype.sty
Package: microtype 2023/03/13 v3.1a Micro-typographical refinements (RS)
\MT@toks=\toks46
\MT@tempbox=\box85
\MT@count=\count338
LaTeX Info: Redefining \noprotrusionifhmode on input line 1059.
LaTeX Info: Redefining \leftprotrusion on input line 1060.
\MT@prot@toks=\toks47
LaTeX Info: Redefining \rightprotrusion on input line 1078.
LaTeX Info: Redefining \textls on input line 1368.
\MT@outer@kern=\dimen265
LaTeX Info: Redefining \textmicrotypecontext on input line 1988.
\MT@listname@count=\count339

(/usr/share/texlive/texmf-dist/tex/latex/microtype/microtype-pdftex.def
File: microtype-pdftex.def 2023/03/13 v3.1a Definitions specific to pdftex (RS)

LaTeX Info: Redefining \lsstyle on input line 902.
LaTeX Info: Redefining \lslig on input line 902.
\MT@outer@space=\skip66
)
Package microtype Info: Loading configuration file microtype.cfg.

(/usr/share/texlive/texmf-dist/tex/latex/microtype/microtype.cfg
File: microtype.cfg 2023/03/13 v3.1a microtype main configuration file (RS)
))
(/usr/share/texlive/texmf-dist/tex/latex/stmaryrd/stmaryrd.sty
Package: stmaryrd 1994/03/03 St Mary's Road symbol package
\symstmry=\mathgroup10
LaTeX Font Info:    Overwriting symbol font `stmry' in version `bold'
(Font)                  U/stmry/m/n --> U/stmry/b/n on input line 89.
)
(/usr/share/texlive/texmf-dist/tex/latex/titlesec/titlesec.sty
Package: titlesec 2023/10/27 v2.16 Sectioning titles
\ttl@box=\box86
\beforetitleunit=\skip67
\aftertitleunit=\skip68
\ttl@plus=\dimen266
\ttl@minus=\dimen267
\ttl@toksa=\toks48
\titlewidth=\dimen268
\titlewidthlast=\dimen269
\titlewidthfirst=\dimen270
)
(/usr/share/texlive/texmf-dist/tex/latex/tocloft/tocloft.sty
Package: tocloft 2017/08/31 v2.3i parameterised ToC, etc., typesetting
Package tocloft Info: The document has section divisions on input line 51.
\cftparskip=\skip69
\cftbeforetoctitleskip=\skip70
\cftaftertoctitleskip=\skip71
\cftbeforepartskip=\skip72
\cftpartnumwidth=\skip73
\cftpartindent=\skip74
\cftbeforesecskip=\skip75
\cftsecindent=\skip76
\cftsecnumwidth=\skip77
\cftbeforesubsecskip=\skip78
\cftsubsecindent=\skip79
\cftsubsecnumwidth=\skip80
\cftbeforesubsubsecskip=\skip81
\cftsubsubsecindent=\skip82
\cftsubsubsecnumwidth=\skip83
\cftbeforeparaskip=\skip84
\cftparaindent=\skip85
\cftparanumwidth=\skip86
\cftbeforesubparaskip=\skip87
\cftsubparaindent=\skip88
\cftsubparanumwidth=\skip89
\cftbeforeloftitleskip=\skip90
\cftafterloftitleskip=\skip91
\cftbeforefigskip=\skip92
\cftfigindent=\skip93
\cftfignumwidth=\skip94
\c@lofdepth=\count340
\c@lotdepth=\count341
\cftbeforelottitleskip=\skip95
\cftafterlottitleskip=\skip96
\cftbeforetabskip=\skip97
\cfttabindent=\skip98
\cfttabnumwidth=\skip99
)
(/usr/share/texlive/texmf-dist/tex/latex/textcase/textcase.sty
Package: textcase 2023/07/27 v1.04 Text only upper/lower case changing (DPC)
Package textcase Info: Defining Legacy names on input line 20.
)
(/usr/share/texlive/texmf-dist/tex/latex/l3packages/xfrac/xfrac.sty
(/usr/share/texlive/texmf-dist/tex/latex/l3kernel/expl3.sty
Package: expl3 2024-01-22 L3 programming layer (loader) 

(/usr/share/texlive/texmf-dist/tex/latex/l3backend/l3backend-pdftex.def
File: l3backend-pdftex.def 2024-01-04 L3 backend support: PDF output (pdfTeX)
\l__color_backend_stack_int=\count342
\l__pdf_internal_box=\box87
))
(/usr/share/texlive/texmf-dist/tex/latex/l3packages/l3keys2e/l3keys2e.sty
Package: l3keys2e 2023-10-10 LaTeX2e option processing using LaTeX3 keys
)
(/usr/share/texlive/texmf-dist/tex/latex/base/textcomp.sty
Package: textcomp 2020/02/02 v2.0n Standard LaTeX package
)
(/usr/share/texlive/texmf-dist/tex/latex/l3packages/xparse/xparse.sty
Package: xparse 2023-10-10 L3 Experimental document command parser
)
(/usr/share/texlive/texmf-dist/tex/latex/l3packages/xtemplate/xtemplate.sty
Package: xtemplate 2023-10-10 L3 Experimental prototype document functions
\l__xtemplate_tmp_dim=\dimen271
\l__xtemplate_tmp_int=\count343
\l__xtemplate_tmp_muskip=\muskip21
\l__xtemplate_tmp_skip=\skip100
)
Package: xfrac 2023-10-10 L3 Experimental split-level fractions
\l__xfrac_slash_box=\box88
\l__xfrac_tmp_box=\box89
\l__xfrac_denominator_bot_sep_dim=\dimen272
\l__xfrac_numerator_bot_sep_dim=\dimen273
\l__xfrac_numerator_top_sep_dim=\dimen274
\l__xfrac_slash_left_sep_dim=\dimen275
\l__xfrac_slash_right_sep_dim=\dimen276
\l__xfrac_slash_left_muskip=\muskip22
\l__xfrac_slash_right_muskip=\muskip23

Package xtemplate Info: Declaring object type 'xfrac' taking 3 argument(s) on
(xtemplate)             line 80.

)
(/usr/share/texlive/texmf-dist/tex/latex/mathtools/mathtools.sty
Package: mathtools 2022/06/29 v1.29 mathematical typesetting tools

(/usr/share/texlive/texmf-dist/tex/latex/tools/calc.sty
Package: calc 2023/07/08 v4.3 Infix arithmetic (KKT,FJ)
\calc@Acount=\count344
\calc@Bcount=\count345
\calc@Adimen=\dimen277
\calc@Bdimen=\dimen278
\calc@Askip=\skip101
\calc@Bskip=\skip102
LaTeX Info: Redefining \setlength on input line 80.
LaTeX Info: Redefining \addtolength on input line 81.
\calc@Ccount=\count346
\calc@Cskip=\skip103
)
(/usr/share/texlive/texmf-dist/tex/latex/mathtools/mhsetup.sty
Package: mhsetup 2021/03/18 v1.4 programming setup (MH)
)
\g_MT_multlinerow_int=\count347
\l_MT_multwidth_dim=\dimen279
\origjot=\skip104
\l_MT_shortvdotswithinadjustabove_dim=\dimen280
\l_MT_shortvdotswithinadjustbelow_dim=\dimen281
\l_MT_above_intertext_sep=\dimen282
\l_MT_below_intertext_sep=\dimen283
\l_MT_above_shortintertext_sep=\dimen284
\l_MT_below_shortintertext_sep=\dimen285
\xmathstrut@box=\box90
\xmathstrut@dim=\dimen286
)
(/usr/share/texlive/texmf-dist/tex/latex/faktor/faktor.sty
Package: faktor 2006/04/05 v0.1b Faktor-Ringe, -Gruppen, -Raeume (PE)
\faktor@zaehlerhoehe=\skip105
\faktor@nennerhoehe=\skip106
)
(/usr/share/texlive/texmf-dist/tex/latex/cancel/cancel.sty
Package: cancel 2013/04/12 v2.2 Cancel math terms
)
(/usr/share/texlive/texmf-dist/tex/latex/mparhack/mparhack.sty
Package: mparhack 2021-05-02 v1.5 (T. Sgouros and S. Ulrich)
)
(/usr/share/texlive/texmf-dist/tex/latex/booktabs/booktabs.sty
Package: booktabs 2020/01/12 v1.61803398 Publication quality tables
\heavyrulewidth=\dimen287
\lightrulewidth=\dimen288
\cmidrulewidth=\dimen289
\belowrulesep=\dimen290
\belowbottomsep=\dimen291
\aboverulesep=\dimen292
\abovetopsep=\dimen293
\cmidrulesep=\dimen294
\cmidrulekern=\dimen295
\defaultaddspace=\dimen296
\@cmidla=\count348
\@cmidlb=\count349
\@aboverulesep=\dimen297
\@belowrulesep=\dimen298
\@thisruleclass=\count350
\@lastruleclass=\count351
\@thisrulewidth=\dimen299
)
(/usr/share/texlive/texmf-dist/tex/latex/multirow/multirow.sty
Package: multirow 2021/03/15 v2.8 Span multiple rows of a table
\multirow@colwidth=\skip107
\multirow@cntb=\count352
\multirow@dima=\skip108
\bigstrutjot=\dimen300
)
(/usr/share/texlive/texmf-dist/tex/latex/babelbib/babelbib.sty
Package: babelbib 2021/01/06 v1.34 babelbib: multilingual bibliographies
\c@btxromaniannumeral=\count353
)
(/home/runner/work/Cursos/Cursos/latex_common/lecture/commons.sty
Package: Commons 
)
(/usr/share/texlive/texmf-dist/tex/latex/csquotes/csquotes.sty
Package: csquotes 2022-09-14 v5.2n context-sensitive quotations (JAW)
\csq@reset=\count354
\csq@gtype=\count355
\csq@glevel=\count356
\csq@qlevel=\count357
\csq@maxlvl=\count358
\csq@tshold=\count359
\csq@ltx@everypar=\toks49

(/usr/share/texlive/texmf-dist/tex/latex/csquotes/csquotes.def
File: csquotes.def 2022-09-14 v5.2n csquotes generic definitions (JAW)
)
Package csquotes Info: Trying to load configuration file 'csquotes.cfg'...
Package csquotes Info: ... configuration file loaded successfully.

(/usr/share/texlive/texmf-dist/tex/latex/csquotes/csquotes.cfg
File: csquotes.cfg 
))
(/usr/share/texlive/texmf-dist/tex/latex/geometry/geometry.sty
Package: geometry 2020/01/02 v5.9 Page Geometry

(/usr/share/texlive/texmf-dist/tex/generic/iftex/ifvtex.sty
Package: ifvtex 2019/10/25 v1.7 ifvtex legacy package. Use iftex instead.
)
\Gm@cnth=\count360
\Gm@cntv=\count361
\c@Gm@tempcnt=\count362
\Gm@bindingoffset=\dimen301
\Gm@wd@mp=\dimen302
\Gm@odd@mp=\dimen303
\Gm@even@mp=\dimen304
\Gm@layoutwidth=\dimen305
\Gm@layoutheight=\dimen306
\Gm@layouthoffset=\dimen307
\Gm@layoutvoffset=\dimen308
\Gm@dimlist=\toks50
)
\c@notes@lecture=\count363
\c@theorem=\count364
)
*geometry* verbose mode - [ newgeometry ] result:
* driver: 
* paper: a4paper
* layout: <same size as paper>
* layoutoffset:(h,v)=(0.0pt,0.0pt)
* modes: twoside 
* h-part:(L,W,R)=(71.13188pt, 412.56497pt, 113.81102pt)
* v-part:(T,H,B)=(85.35826pt, 658.28194pt, 101.40665pt)
* \paperwidth=597.50787pt
* \paperheight=845.04684pt
* \textwidth=412.56497pt
* \textheight=658.28194pt
* \oddsidemargin=-1.1381pt
* \evensidemargin=41.54103pt
* \topmargin=-23.91173pt
* \headheight=12.0pt
* \headsep=25.0pt
* \topskip=11.0pt
* \footskip=30.0pt
* \marginparwidth=103.0pt
* \marginparsep=10.0pt
* \columnsep=10.0pt
* \skip\footins=10.0pt plus 4.0pt minus 2.0pt
* \hoffset=0.0pt
* \voffset=0.0pt
* \mag=1000
* \@twocolumnfalse
* \@twosidetrue
* \@mparswitchtrue
* \@reversemarginfalse
* (1in=72.27pt=25.4mm, 1cm=28.453pt)

(/usr/share/texlive/texmf-dist/tex/latex/braket/braket.sty)
(/usr/share/texlive/texmf-dist/tex/latex/tools/multicol.sty
Package: multicol 2023/03/30 v1.9f multicolumn formatting (FMi)
\c@tracingmulticols=\count365
\mult@box=\box91
\multicol@leftmargin=\dimen309
\c@unbalance=\count366
\c@collectmore=\count367
\doublecol@number=\count368
\multicoltolerance=\count369
\multicolpretolerance=\count370
\full@width=\dimen310
\page@free=\dimen311
\premulticols=\dimen312
\postmulticols=\dimen313
\multicolsep=\skip109
\multicolbaselineskip=\skip110
\partial@page=\box92
\last@line=\box93
\mc@boxedresult=\box94
\maxbalancingoverflow=\dimen314
\mult@rightbox=\box95
\mult@grightbox=\box96
\mult@firstbox=\box97
\mult@gfirstbox=\box98
\@tempa=\box99
\@tempa=\box100
\@tempa=\box101
\@tempa=\box102
\@tempa=\box103
\@tempa=\box104
\@tempa=\box105
\@tempa=\box106
\@tempa=\box107
\@tempa=\box108
\@tempa=\box109
\@tempa=\box110
\@tempa=\box111
\@tempa=\box112
\@tempa=\box113
\@tempa=\box114
\@tempa=\box115
\@tempa=\box116
\@tempa=\box117
\@tempa=\box118
\@tempa=\box119
\@tempa=\box120
\@tempa=\box121
\@tempa=\box122
\@tempa=\box123
\@tempa=\box124
\@tempa=\box125
\@tempa=\box126
\@tempa=\box127
\@tempa=\box128
\@tempa=\box129
\@tempa=\box130
\@tempa=\box131
\@tempa=\box132
\@tempa=\box133
\@tempa=\box134
\c@minrows=\count371
\c@columnbadness=\count372
\c@finalcolumnbadness=\count373
\last@try=\dimen315
\multicolovershoot=\dimen316
\multicolundershoot=\dimen317
\mult@nat@firstbox=\box135
\colbreak@box=\box136
\mc@col@check@num=\count374
)
(/usr/share/texlive/texmf-dist/tex/latex/chngcntr/chngcntr.sty
Package: chngcntr 2018/04/09 v1.1a change counter resetting
Package chngcntr Info: \counterwithout already defined.
(chngcntr)             Quitting chngcntr on input line 21.
)
(/usr/share/texlive/texmf-dist/tex/latex/stackengine/stackengine.sty
Package: stackengine 2021/07/22 v4.11\ Stacking text and objects in convenient 
ways

(/usr/share/texlive/texmf-dist/tex/generic/listofitems/listofitems.sty
(/usr/share/texlive/texmf-dist/tex/generic/listofitems/listofitems.tex
\loi_cnt_foreach_nest=\count375
\loi_nestcnt=\count376
)
Package: listofitems 2019/08/21 v1.63 Grab items in lists using user-specified 
sep char (CT)
)
\c@@stackindex=\count377
\@boxshift=\skip111
\stack@tmplength=\skip112
\temp@stkl=\skip113
\@stackedboxwidth=\skip114
\@addedbox=\box137
\@anchorbox=\box138
\@insetbox=\box139
\se@backgroundbox=\box140
\stackedbox=\box141
\@centerbox=\box142
\c@ROWcellindex@=\count378
)
(/usr/share/texlive/texmf-dist/tex/latex/tools/bm.sty
Package: bm 2023/07/08 v1.2f Bold Symbol Support (DPC/FMi)
\symboldoperators=\mathgroup11
\symboldletters=\mathgroup12
\symboldsymbols=\mathgroup13
\symboldlargesymbols=\mathgroup14
Package bm Info: No bold for \U/msa/m/n, using \pmb.
Package bm Info: No bold for \U/msb/m/n, using \pmb.
Package bm Info: No bold for \U/rsfs/m/n, using \pmb.
LaTeX Font Info:    Redeclaring math alphabet \mathbf on input line 149.
)
(/usr/share/texlive/texmf-dist/tex/latex/bbm-macros/bbm.sty
Package: bbm 1999/03/15 V 1.2 provides fonts for set symbols - TH
LaTeX Font Info:    Overwriting math alphabet `\mathbbm' in version `bold'
(Font)                  U/bbm/m/n --> U/bbm/bx/n on input line 33.
LaTeX Font Info:    Overwriting math alphabet `\mathbbmss' in version `bold'
(Font)                  U/bbmss/m/n --> U/bbmss/bx/n on input line 35.
)
(/usr/share/texlive/texmf-dist/tex/latex/tasks/tasks.sty
Package: tasks 2022/01/08 v1.4a lists with columns filled horizontally
\g__tasks_total_items_int=\count379
\l__tasks_columns_int=\count380
\g__tasks_rows_int=\count381
\g__tasks_current_col_num_int=\count382
\g__tasks_current_row_num_int=\count383
\l__tasks_item_columns_int=\count384
\g__tasks_env_int=\count385
\l__tasks_start_int=\count386
\l__tasks_item_indent_dim=\dimen318
\l__tasks_item_default_indent_dim=\dimen319
\l__tasks_item_width_dim=\dimen320
\l__tasks_label_width_dim=\dimen321
\l__tasks_label_default_width_dim=\dimen322
\l__tasks_label_offset_dim=\dimen323
\l__tasks_label_default_offset_dim=\dimen324
\l__tasks_column_sep_dim=\dimen325
\l__tasks_correction_dim=\dimen326
\l__tasks_full_width_dim=\dimen327
\l__tasks_after_item_skip=\skip115
\l__tasks_custom_after_item_skip=\skip116
\l__tasks_before_list_skip=\skip117
\l__tasks_after_list_skip=\skip118
\l__tasks_item_coffin=\box143
\l__tasks_label_coffin=\box144
\c@task=\count387
\l__tasks_tmpa_int=\count388
\l__tasks_tmpb_int=\count389
\l__tasks_tmpa_coffin=\box145
\l__tasks_tmpa_box=\box146

Package xtemplate Info: Declaring object type 'tasks' taking 3 argument(s) on
(xtemplate)             line 450.


(/usr/share/texlive/texmf-dist/tex/latex/tasks/tasks.cfg))
\longestlabel=\skip119


Package tasks Warning: You've tried setting option `counter-format' on line
(tasks)                26. However, option `counter-format' is deprecated.
(tasks)                Please use option `label' instead. Refer to the manual
(tasks)                for details.

(/usr/share/texlive/texmf-dist/tex/latex/exercise/exercise.sty
Package: exercise 2014/10/20 v1.6 Exercise package (P.Pichaureau)
\ExerciseSkipBefore=\skip120
\ExerciseSkipAfter=\skip121
\AnswerSkipBefore=\skip122
\AnswerSkipAfter=\skip123
\Exesep=\skip124
\Exetopsep=\skip125
\Exeparsep=\skip126
\Exepartopsep=\skip127
\Exeleftmargin=\skip128
\Exerightmargin=\skip129
\Exelabelwidth=\skip130
\Exelabelsep=\skip131
\ExerciseBefore=\skip132
\QuestionBefore=\skip133
\subQuestionBefore=\skip134
\subsubQuestionBefore=\skip135
\QuestionIndent=\skip136
\subQuestionIndent=\skip137
\subsubQuestionIndent=\skip138
\c@Exercise=\count390
\c@Answer=\count391
\c@ExePart=\count392
\c@Question=\count393
\c@subQuestion=\count394
\c@subsubQuestion=\count395
\c@savedQuestion=\count396
\c@savedsubQuestion=\count397
\c@savedsubsubQuestion=\count398
\@QuestionLevel=\count399
\@Exercisebox=\box147
\all@Exercisebox=\box148
\temp@Exercisebox=\box149
\all@Answerbox=\box150
\temp@Answerbox=\box151
\ExerciseDifficulty=\count400
\QuestionDifficulty=\count401
\subQuestionDifficulty=\count402
\subsubQuestionDifficulty=\count403
\ExePartDifficulty=\count404
\@Answerbox=\box152
\colonnesLevel=\count405
\tempskipa=\skip139
\tempskipb=\skip140
\@savedmathindent=\skip141
))
Package csquotes Info: Checking for multilingual support...
Package csquotes Info: ... found 'babel' package.
Package csquotes Info: Adjusting default style.
Package csquotes Info: Redefining alias 'default' -> 'brazil'.
LaTeX Font Info:    Trying to load font information for OT1+jkp on input line 7
.

(/usr/share/texlive/texmf-dist/tex/latex/kpfonts/ot1jkp.fd
File: ot1jkp.fd 2007/08/30 Fontinst v1.928 font definitions for OT1/jkp.
)
(/home/runner/work/Cursos/Cursos/build/identicas_transformacoes_02.aux)
\openout1 = `identicas_transformacoes_02.aux'.

LaTeX Font Info:    Checking defaults for OML/jkpw/m/it on input line 7.
LaTeX Font Info:    Trying to load font information for OML+jkpw on input line 
7.

(/usr/share/texlive/texmf-dist/tex/latex/kpfonts/omljkpw.fd
File: omljkpw.fd 2006/08/15 v1.0
)
LaTeX Font Info:    ... okay on input line 7.
LaTeX Font Info:    Checking defaults for OMS/jkpw/m/n on input line 7.
LaTeX Font Info:    Trying to load font information for OMS+jkpw on input line 
7.

(/usr/share/texlive/texmf-dist/tex/latex/kpfonts/omsjkpw.fd
File: omsjkpw.fd 2006/08/15 v1.0
)
LaTeX Font Info:    ... okay on input line 7.
LaTeX Font Info:    Checking defaults for OT1/cmr/m/n on input line 7.
LaTeX Font Info:    ... okay on input line 7.
LaTeX Font Info:    Checking defaults for T1/cmr/m/n on input line 7.
LaTeX Font Info:    ... okay on input line 7.
LaTeX Font Info:    Checking defaults for TS1/cmr/m/n on input line 7.
LaTeX Font Info:    ... okay on input line 7.
LaTeX Font Info:    Checking defaults for OMX/jkp/m/n on input line 7.
LaTeX Font Info:    Trying to load font information for OMX+jkp on input line 7
.

(/usr/share/texlive/texmf-dist/tex/latex/kpfonts/omxjkp.fd
File: omxjkp.fd 2006/08/15 v1.0
)
LaTeX Font Info:    ... okay on input line 7.
LaTeX Font Info:    Checking defaults for U/jkpexa/m/n on input line 7.
LaTeX Font Info:    Trying to load font information for U+jkpexa on input line 
7.

(/usr/share/texlive/texmf-dist/tex/latex/kpfonts/ujkpexa.fd
File: ujkpexa.fd 2006/08/15 v1.0
)
LaTeX Font Info:    ... okay on input line 7.
LaTeX Font Info:    Checking defaults for PD1/pdf/m/n on input line 7.
LaTeX Font Info:    ... okay on input line 7.
LaTeX Font Info:    Checking defaults for PU/pdf/m/n on input line 7.
LaTeX Font Info:    ... okay on input line 7.
Package hyperref Info: Link coloring ON on input line 7.

(/home/runner/work/Cursos/Cursos/build/identicas_transformacoes_02.out)
(/home/runner/work/Cursos/Cursos/build/identicas_transformacoes_02.out)
\@outlinefile=\write4
\openout4 = `identicas_transformacoes_02.out'.


(/usr/share/texlive/texmf-dist/tex/context/base/mkii/supp-pdf.mkii
[Loading MPS to PDF converter (version 2006.09.02).]
\scratchcounter=\count406
\scratchdimen=\dimen328
\scratchbox=\box153
\nofMPsegments=\count407
\nofMParguments=\count408
\everyMPshowfont=\toks51
\MPscratchCnt=\count409
\MPscratchDim=\dimen329
\MPnumerator=\count410
\makeMPintoPDFobject=\count411
\everyMPtoPDFconversion=\toks52
) (/usr/share/texlive/texmf-dist/tex/latex/epstopdf-pkg/epstopdf-base.sty
Package: epstopdf-base 2020-01-24 v2.11 Base part for package epstopdf

(/usr/share/texlive/texmf-dist/tex/latex/grfext/grfext.sty
Package: grfext 2019/12/03 v1.3 Manage graphics extensions (HO)
)
Package epstopdf-base Info: Redefining graphics rule for `.eps' on input line 4
85.
Package grfext Info: Graphics extension search list:
(grfext)             [.pdf,.png,.jpg,.mps,.jpeg,.jbig2,.jb2,.PDF,.PNG,.JPG,.JPE
G,.JBIG2,.JB2,.eps]
(grfext)             \AppendGraphicsExtensions on input line 504.

(/usr/share/texlive/texmf-dist/tex/latex/latexconfig/epstopdf-sys.cfg
File: epstopdf-sys.cfg 2010/07/13 v1.3 Configuration of (r)epstopdf for TeX Liv
e
))
LaTeX Info: Redefining \microtypecontext on input line 7.
Package microtype Info: Applying patch `item' on input line 7.
Package microtype Info: Applying patch `toc' on input line 7.
Package microtype Info: Applying patch `eqnum' on input line 7.
Package microtype Info: Applying patch `footnote' on input line 7.
Package microtype Info: Applying patch `verbatim' on input line 7.
Package microtype Info: Generating PDF output.
Package microtype Info: Character protrusion enabled (level 2).
Package microtype Info: Using default protrusion set `alltext'.
Package microtype Info: Automatic font expansion enabled (level 2),
(microtype)             stretch: 20, shrink: 20, step: 1, non-selected.
Package microtype Info: Using default expansion set `alltext-nott'.
LaTeX Info: Redefining \showhyphens on input line 7.
Package microtype Info: No adjustment of tracking.
Package microtype Info: No adjustment of interword spacing.
Package microtype Info: No adjustment of character kerning.
Package microtype Info: Loading generic protrusion settings for font family
(microtype)             `jkp' (encoding: OT1).
(microtype)             For optimal results, create family-specific settings.
(microtype)             See the microtype manual for details.

babelbib: Set bibliography fall-back language to brazil
babelbib: portuguese.bdf loaded because language portuguese defined.
(/usr/share/texlive/texmf-dist/tex/latex/babelbib/portuguese.bdf
File: portuguese.bdf 2021/01/06 v1.34 babelbib: multilingual bibliographies

babelbib extension \btxifchangecaseoff added to \extrasbrazil
babelbib extension \btxifchangecaseoff added to \extrasbrazilian
)
babelbib: Load BibTeX extensions \bibsbrazil for brazil
babelbib: Set language for keywords in the bibliography fixed to brazil
*geometry* driver: auto-detecting
*geometry* detected driver: pdftex
*geometry* verbose mode - [ preamble ] result:
* driver: pdftex
* paper: a4paper
* layout: <same size as paper>
* layoutoffset:(h,v)=(0.0pt,0.0pt)
* modes: twoside 
* h-part:(L,W,R)=(71.13188pt, 412.56497pt, 113.81102pt)
* v-part:(T,H,B)=(85.35826pt, 658.28194pt, 101.40665pt)
* \paperwidth=597.50787pt
* \paperheight=845.04684pt
* \textwidth=412.56497pt
* \textheight=658.28194pt
* \oddsidemargin=-1.1381pt
* \evensidemargin=41.54103pt
* \topmargin=-23.91173pt
* \headheight=41.0pt
* \headsep=25.0pt
* \topskip=11.0pt
* \footskip=30.0pt
* \marginparwidth=103.0pt
* \marginparsep=10.0pt
* \columnsep=10.0pt
* \skip\footins=10.0pt plus 4.0pt minus 2.0pt
* \hoffset=0.0pt
* \voffset=0.0pt
* \mag=1000
* \@twocolumnfalse
* \@twosidetrue
* \@mparswitchtrue
* \@reversemarginfalse
* (1in=72.27pt=25.4mm, 1cm=28.453pt)

LaTeX Font Info:    Trying to load font information for U+jkpmiaw on input line
 7.
(/usr/share/texlive/texmf-dist/tex/latex/kpfonts/ujkpmiaw.fd
File: ujkpmiaw.fd 2006/08/15 v1.0
)
LaTeX Font Info:    Trying to load font information for U+msa on input line 7.

(/usr/share/texlive/texmf-dist/tex/latex/amsfonts/umsa.fd
File: umsa.fd 2013/01/14 v3.01 AMS symbols A
)
(/usr/share/texlive/texmf-dist/tex/latex/microtype/mt-msa.cfg
File: mt-msa.cfg 2006/02/04 v1.1 microtype config. file: AMS symbols (a) (RS)
)
LaTeX Font Info:    Trying to load font information for U+msb on input line 7.

(/usr/share/texlive/texmf-dist/tex/latex/amsfonts/umsb.fd
File: umsb.fd 2013/01/14 v3.01 AMS symbols B
)
(/usr/share/texlive/texmf-dist/tex/latex/microtype/mt-msb.cfg
File: mt-msb.cfg 2005/06/01 v1.0 microtype config. file: AMS symbols (b) (RS)
)
LaTeX Font Info:    Trying to load font information for U+jkpsyc on input line 
7.

(/usr/share/texlive/texmf-dist/tex/latex/kpfonts/ujkpsyc.fd
File: ujkpsyc.fd 2006/08/15 v1.0
)
LaTeX Font Info:    Trying to load font information for U+rsfs on input line 7.


(/usr/share/texlive/texmf-dist/tex/latex/jknapltx/ursfs.fd
File: ursfs.fd 1998/03/24 rsfs font definition file (jk)
)
LaTeX Font Info:    Trying to load font information for U+stmry on input line 7
.

(/usr/share/texlive/texmf-dist/tex/latex/stmaryrd/Ustmry.fd)
LaTeX Font Info:    Trying to load font information for OT1+jkpk on input line 
7.

(/usr/share/texlive/texmf-dist/tex/latex/kpfonts/ot1jkpk.fd
File: ot1jkpk.fd 2007/08/30 Fontinst v1.928 font definitions for OT1/jkpk.
)
Package microtype Info: Loading generic protrusion settings for font family
(microtype)             `jkpk' (encoding: OT1).
(microtype)             For optimal results, create family-specific settings.
(microtype)             See the microtype manual for details.
<Logo_UEL.jpg, id=7, 621.522pt x 186.6975pt>
File: Logo_UEL.jpg Graphic file (type jpg)
<use Logo_UEL.jpg>
Package pdftex.def Info: Logo_UEL.jpg  used on input line 50.
(pdftex.def)             Requested size: 120.2906pt x 36.135pt.
 [1


{/var/lib/texmf/fonts/map/pdftex/updmap/pdftex.map}{/usr/share/texlive/texmf-di
st/fonts/enc/dvips/base/8r.enc} </home/runner/work/Cursos/Cursos/latex_common/L
ogo_UEL.jpg>]
[2] (/home/runner/work/Cursos/Cursos/build/identicas_transformacoes_02.aux)
 ***********
LaTeX2e <2023-11-01> patch level 1
L3 programming layer <2024-01-22>
 ***********
Package rerunfilecheck Info: File `identicas_transformacoes_02.out' has not cha
nged.
(rerunfilecheck)             Checksum: D41D8CD98F00B204E9800998ECF8427E;0.
 ) 
Here is how much of TeX's memory you used:
 33588 strings out of 476089
 632420 string characters out of 5793232
 1945975 words of memory out of 5000000
 54746 multiletter control sequences out of 15000+600000
 622147 words of font info for 240 fonts, out of 8000000 for 9000
 61 hyphenation exceptions out of 8191
 122i,15n,124p,1085b,737s stack positions out of 10000i,1000n,20000p,200000b,200000s
</usr/share/texlive/texmf-dist/fonts/type1/public/kpfonts/jkpbn8a.pfb></usr/s
hare/texlive/texmf-dist/fonts/type1/public/kpfonts/jkpmi.pfb></usr/share/texliv
e/texmf-dist/fonts/type1/public/kpfonts/jkpmia.pfb></usr/share/texlive/texmf-di
st/fonts/type1/public/kpfonts/jkpmit8a.pfb></usr/share/texlive/texmf-dist/fonts
/type1/public/kpfonts/jkpmn8a.pfb></usr/share/texlive/texmf-dist/fonts/type1/pu
blic/kpfonts/jkpmsc8a.pfb></usr/share/texlive/texmf-dist/fonts/type1/public/kpf
onts/jkpsy.pfb></usr/share/texlive/texmf-dist/fonts/type1/public/amsfonts/symbo
ls/msbm10.pfb>
Output written on /home/runner/work/Cursos/Cursos/build/identicas_transformacoe
s_02.pdf (2 pages, 177065 bytes).
PDF statistics:
 79 PDF objects out of 1000 (max. 8388607)
 57 compressed objects within 1 object stream
 17 named destinations out of 1000 (max. 500000)
 64530 words of extra memory for PDF output out of 74296 (max. 10000000)

